source	kind	status	source_length	final_length	length_ratio	br_count	risk	context	notes
The air smelled putrid, and when I looked around… the sea was red. Deep red. Like, actual blood red.<br>I equipped my diving gear to investigate.<br>Below, I heard a deep rumble, followed by the very thing I was searching for.<br>It was searching for me, too.	resource_textasset_journal	needs_review	259	277	1.07	3	many_page_breaks	resources.assets journals row bloodwater_scuba_attack field text; path_id=158; location=csv row 91	imported from resources TextAsset scan; local ollama draft: qwen2.5-coder:14b
At night, I can’t trust anything anymore. Not even my friend, who I’ve sailed with for years.<br>I saw through the illusion, but it sounded near perfect.<br>Now I’m getting paranoid. I’m too afraid to even help others anymore…<br>Doing so would risk my own life.	resource_textasset_journal	needs_review	262	267	1.02	3	many_page_breaks	resources.assets journals row friendevil_flashlight field text; path_id=158; location=csv row 124	imported from resources TextAsset scan; local ollama draft: qwen2.5-coder:14b
My shipmate woke last night, but something felt wrong. Maybe I was just drowsy, but that voice was… off.<br>I just didn’t trust it. <br>I ignored it and pretended to be asleep until I truly dozed off.<br>My mate does not recall being awake that night…	resource_textasset_journal	needs_review	251	290	1.16	3	many_page_breaks	resources.assets journals row friendevil_slept_good field text; path_id=158; location=csv row 125	imported from resources TextAsset scan; local ollama draft: qwen2.5-coder:14b
At night, I can’t trust anything anymore. Not even my friend, who I’ve sailed with for years.<br>I know this was some sort of illusion, but it felt so real…<br>Now I’m paranoid. I’m too afraid to even help others anymore…<br>Doing so would risk my own life.	resource_textasset_journal	needs_review	257	273	1.06	3	many_page_breaks	resources.assets journals row friendevil_tried_help field text; path_id=158; location=csv row 123	imported from resources TextAsset scan; local ollama draft: qwen2.5-coder:14b
My chest still pounds with the blood I have left. I have encountered the dread from below.<br>It looked me in the eyes, judging… as if it already knew my deepest, darkest secrets.<br>Wounding it only bought me one more day. But it demands atonement.<br>It wants… my heart.	resource_textasset_journal	needs_review	272	254	0.93	3	many_page_breaks	resources.assets journals row kraken_anchor_success field text; path_id=158; location=csv row 128	imported from resources TextAsset scan; local ollama draft: qwen2.5-coder:14b
My chest still pounds with the little blood I have left following the night I encountered the dread from below.<br>It looked me in the eyes, judging… as if it already knew my deepest, darkest secrets.<br>Weapons were futile. It demands atonement.<br>It wants… my heart.	resource_textasset_journal	needs_review	269	283	1.05	3	many_page_breaks	resources.assets journals row kraken_gothurt field text; path_id=158; location=csv row 129	imported from resources TextAsset scan; local ollama draft: qwen2.5-coder:14b
My chest still pounds with the little blood I have left following the night I encountered the dread from below.<br>It looked me in the eyes, judging… as if it already knew my deepest, darkest secrets.<br>Escaping is hopeless. It demands atonement.<br>It wants… my heart.	resource_textasset_journal	needs_review	270	278	1.03	3	many_page_breaks	resources.assets journals row kraken_sleep_died field text; path_id=158; location=csv row 130	imported from resources TextAsset scan; local ollama draft: qwen2.5-coder:14b
Something struck the side of the boat, waking me up.<br>It was bones… human bones, drifting on the waves.<br>If this isn’t a sign to leave as fast as possible, I don’t know what is.<br>Still, I wonder whose remains they were… and how they ended up here.	resource_textasset_journal	needs_review	253	257	1.02	3	many_page_breaks	resources.assets journals row skeleton_skipped field text; path_id=158; location=csv row 120	imported from resources TextAsset scan; local ollama draft: qwen2.5-coder:14b
Loads of small, glowing eyes filled the waters.<br>I tried using my flashlight, pretending to be one of them.<br>They didn’t appreciate my disguise. The last thing I remember was the blinding light of their eyes.<br>I think I lost part of my ear.	resource_textasset_journal	needs_review	246	244	0.99	3	many_page_breaks	resources.assets journals row smallmonsterfish_lampattack field text; path_id=158; location=csv row 78	imported from resources TextAsset scan; local ollama draft: qwen2.5-coder:14b
