source	final_russian	status	kind	context	issue_type	evidence	recommendation
Time is running out! Gather whatever you can and toss it into your lifeboat, before the ship sinks. Every item counts! Escape by staying near the boat at the end! However, it can only carry one more person besides you.	Время на исходе! Соберите все, что сможете, и бросайте в спасательную шлюпку, пока корабль не затонул. Важен каждый предмет! Чтобы спастись, в конце оставайтесь рядом со шлюпкой. Но кроме вас она выдержит только еще одного человека.	approved	tmp_m_text	file=level1;kind=tmp_m_text;script=Unity.TextMeshPro:TMPro.TextMeshProUGUI;object_path_id=1491;gameobject=howtoplay_txt;offset=173372	boat_term_risk	source mentions lifeboat/boat but translation uses корабль	prefer лодка or спасательная шлюпка by context
Well, there goes Dorothy…<br>I’m the only one left, stuck on this old junk of a lifeboat.<br>I have no idea what struck our ship, and judging by the sound, I honestly don’t want to find out.<br>Now all I can do is survive as long as I need. I’m sure help will come soon.	Вот и всё, Дороти ушла ко дну...<br>Я остался один в старой шлюпке.<br>Не знаю, что ударило по кораблю. Судя по звуку, знать не хочу.<br>Теперь мне надо выжить.	approved	tmp_m_text	file=level3;kind=tmp_m_text;script=Unity.TextMeshPro:TMPro.TextMeshProUGUI;object_path_id=4353;gameobject=NightDescription;offset=833772	boat_term_risk	source mentions lifeboat/boat but translation uses корабль	prefer лодка or спасательная шлюпка by context
"Well, there goes Dorothy...

Row’ and I are the only ones left, sitting in this old junk of a lifeboat.

I have no idea what struck our ship, and judging by the sound, I honestly don’t want to find out.

Now all we can do is survive as long as we need. I’m sure help will come soon."	"Ну вот и Дороти...

Мы с Роу остались одни в этой старой развалине спасательной шлюпки.

Понятия не имею, что ударило по нашему кораблю, и, судя по звуку, честно говоря, не хочу это выяснять.

Теперь нам остаётся только выживать столько, сколько потребуется. Уверен, помощь скоро придёт."	approved	manual_runtime	journal screenshot multiline	boat_term_risk	source mentions lifeboat/boat but translation uses корабль	prefer лодка or спасательная шлюпка by context
Well, there goes Dorothy...<br>Row’ and I are the only ones left, sitting in this old junk of a lifeboat.<br>I have no idea what struck our ship, and judging by the sound, I honestly don’t want to find out.<br>Now all we can do is survive as long as we need. I’m sure help will come soon.	Ну вот и Дороти...<br>Мы с Роу остались одни в этой старой развалине спасательной шлюпки.<br>Понятия не имею, что ударило по нашему кораблю, и, судя по звуку, честно говоря, не хочу это выяснять.<br>Теперь нам остаётся только выживать столько, сколько потребуется. Уверен, помощь скоро придёт.	approved	manual_runtime	journal screenshot br	boat_term_risk	source mentions lifeboat/boat but translation uses корабль	prefer лодка or спасательная шлюпка by context
Well, there goes Dorothy…<br>Frederik and I are the only ones left, sitting in this old junk of a lifeboat.<br>I have no idea what struck our ship, and judging by the sound, I honestly don’t want to find out.<br>Now all we can do is survive as long as we need. I’m sure help will come soon.	Вот и всё, Дороти ушла ко дну...<br>Мы с Фредериком остались одни в старой шлюпке.<br>Не знаю, что ударило по кораблю. Судя по звуку, знать не хочу.<br>Теперь нам надо выжить.	approved	resources_textasset	resources.assets journals row startgame_man text	boat_term_risk	source mentions lifeboat/boat but translation uses корабль	prefer лодка or спасательная шлюпка by context
Well, there goes Dorothy…<br>Laurel and I are the only ones left, sitting in this old junk of a lifeboat.<br>I have no idea what struck our ship, and judging by the sound, I honestly don’t want to find out.<br>Now all we can do is survive as long as we need. I’m sure help will come soon.	Вот и всё, Дороти ушла ко дну...<br>Мы с Лорел остались одни в старой шлюпке.<br>Не знаю, что ударило по кораблю. Судя по звуку, знать не хочу.<br>Теперь нам надо выжить.	approved	resources_textasset	resources.assets journals row startgame_woman text	boat_term_risk	source mentions lifeboat/boat but translation uses корабль	prefer лодка or спасательная шлюпка by context
Well, there goes Dorothy…<br>Row’ and I are the only ones left, sitting in this old junk of a lifeboat.<br>I have no idea what struck our ship, and judging by the sound, I honestly don’t want to find out.<br>Now all we can do is survive as long as we need. I’m sure help will come soon.	Вот и всё, Дороти ушла ко дну...<br>Мы с Роу остались одни в старой шлюпке.<br>Не знаю, что ударило по кораблю. Судя по звуку, знать не хочу.<br>Теперь нам надо выжить.	approved	resources_textasset	resources.assets journals row startgame_who text	boat_term_risk	source mentions lifeboat/boat but translation uses корабль	prefer лодка or спасательная шлюпка by context
Y’know.. I’m really bummed about the ship and the crew.. They were family to me, you get me?	Знаешь.. Я правда переживаю из-за корабля и команды.. Они были мне как семья, понимаешь?	approved	resource_textasset_dialogue	resources.assets dialogues row day_one_01_01 field MAN; path_id=160; location=csv row 18; dialogues:m_Script[day_one_01_01].MAN:csv row 18	dialogue_gender_review	dialogues:m_Script[day_one_01_01].MAN:csv row 18	review first-person gender against MAN/WOMAN/WHO speaker context
I- I miss my crew already.. And I really miss my plants. They were everything to me..	Я- я уже скучаю по своей команде.. И очень скучаю по своим растениям. Они были для меня всем..	approved	resource_textasset_dialogue	resources.assets dialogues row day_one_03_01 field WOMAN; path_id=160; location=csv row 22; dialogues:m_Script[day_one_03_01].WOMAN:csv row 22	dialogue_gender_review	dialogues:m_Script[day_one_03_01].WOMAN:csv row 22	review first-person gender against MAN/WOMAN/WHO speaker context
I felt safer when.. He.. was there. H- he had a lot of weapons and tools, for any situation..	Мне было спокойнее, когда.. он.. был рядом. У- у него было много оружия и инструментов на любой случай..	approved	resource_textasset_dialogue	resources.assets dialogues row early_days_05_01 field WOMAN; path_id=160; location=csv row 32; dialogues:m_Script[early_days_05_01].WOMAN:csv row 32	dialogue_gender_review	dialogues:m_Script[early_days_05_01].WOMAN:csv row 32	review first-person gender against MAN/WOMAN/WHO speaker context
Tired as a barnacle, my friend..	Устал как собака, дружище..	approved	resource_textasset_dialogue	resources.assets dialogues row feels_out_of_energy_01 field MAN; path_id=160; location=csv row 159; dialogues:m_Script[feels_out_of_energy_01].MAN:csv row 159	dialogue_gender_review	dialogues:m_Script[feels_out_of_energy_01].MAN:csv row 159	review first-person gender against MAN/WOMAN/WHO speaker context
My head feels heavy, I- I’m really tired..	Голова тяжёлая, я- я правда очень устала..	approved	resource_textasset_dialogue	resources.assets dialogues row feels_out_of_energy_01 field WOMAN; path_id=160; location=csv row 159; dialogues:m_Script[feels_out_of_energy_01].WOMAN:csv row 159	dialogue_gender_review	dialogues:m_Script[feels_out_of_energy_01].WOMAN:csv row 159	review first-person gender against MAN/WOMAN/WHO speaker context
Morning! I had a weird dream last night.. There was a guy in a gondola, tryin’ to sell me stuff..	Утречка! Мне ночью приснился странный сон.. Там был парень в гондоле и пытался продать мне всякое..	approved	resource_textasset_dialogue	resources.assets dialogues row flashback_01_01 field MAN; path_id=160; location=csv row 177; dialogues:m_Script[flashback_01_01].MAN:csv row 177	dialogue_gender_review	dialogues:m_Script[flashback_01_01].MAN:csv row 177	review first-person gender against MAN/WOMAN/WHO speaker context
Once I had a nightmare… I was surrounded by sharks. But they had limbs. Human limbs.	Однажды мне приснился кошмар… Меня окружили акулы. Но у них были конечности. Человеческие конечности.	approved	resource_textasset_dialogue	resources.assets dialogues row flashback_01_01 field WHO; path_id=160; location=csv row 177; dialogues:m_Script[flashback_01_01].WHO:csv row 177	dialogue_gender_review	dialogues:m_Script[flashback_01_01].WHO:csv row 177	review first-person gender against MAN/WOMAN/WHO speaker context
I had the weirdest dream of my life.. W- we were surrounded by lily pads. Hundreds of them..	Мне приснился самый странный сон в жизни.. М-мы были окружены листьями кувшинок. Их были сотни..	approved	resource_textasset_dialogue	resources.assets dialogues row flashback_01_01 field WOMAN; path_id=160; location=csv row 177; dialogues:m_Script[flashback_01_01].WOMAN:csv row 177	dialogue_gender_review	dialogues:m_Script[flashback_01_01].WOMAN:csv row 177	review first-person gender against MAN/WOMAN/WHO speaker context
W- wow! I just made that, see? From scrap!	В-вот это да! Я только что это сделала, видишь? Из хлама!	approved	resource_textasset_dialogue	resources.assets dialogues row help_craftfromjunk_win_01 field WOMAN; path_id=160; location=csv row 126; dialogues:m_Script[help_craftfromjunk_win_01].WOMAN:csv row 126	dialogue_gender_review	dialogues:m_Script[help_craftfromjunk_win_01].WOMAN:csv row 126	review first-person gender against MAN/WOMAN/WHO speaker context
S- surprised myself, too. And I- I wasn’t even a girl scout, or.. anything like that.	С-сама себя удивила. И я- я ведь даже не была скауткой или.. кем-то вроде того.	approved	resource_textasset_dialogue	resources.assets dialogues row help_craftfromjunk_win_02 field WOMAN; path_id=160; location=csv row 127; dialogues:m_Script[help_craftfromjunk_win_02].WOMAN:csv row 127	dialogue_gender_review	dialogues:m_Script[help_craftfromjunk_win_02].WOMAN:csv row 127	review first-person gender against MAN/WOMAN/WHO speaker context
I’m getting real tired of eating raw fish… I’d even eat a seagull at this point. Ya’ feel me, bud?	Я уже реально устал есть сырую рыбу… На этом этапе я бы даже чайку съел. Понимаешь, дружище?	approved	resource_textasset_dialogue	resources.assets dialogues row late_days_05_01 field MAN; path_id=160; location=csv row 51; dialogues:m_Script[late_days_05_01].MAN:csv row 51	dialogue_gender_review	dialogues:m_Script[late_days_05_01].MAN:csv row 51	review first-person gender against MAN/WOMAN/WHO speaker context
Y’know, these waters… they’re telling me this wasn’t any ordinary transport mission..	Знаешь, эти воды… подсказывают мне, что это был не обычный рейс..	approved	resource_textasset_dialogue	resources.assets dialogues row late_days_12_01 field MAN; path_id=160; location=csv row 62; dialogues:m_Script[late_days_12_01].MAN:csv row 62	dialogue_gender_review	dialogues:m_Script[late_days_12_01].MAN:csv row 62	review first-person gender against MAN/WOMAN/WHO speaker context
I- I should have brought something here, too.. I only had some leftovers, if we get hungry..	Я-я тоже должна была что-нибудь прихватить.. У меня были только остатки еды, если мы проголодаемся..	approved	resource_textasset_dialogue	resources.assets dialogues row start_food_01 field WOMAN; path_id=160; location=csv row 13; dialogues:m_Script[start_food_01].WOMAN:csv row 13	dialogue_gender_review	dialogues:m_Script[start_food_01].WOMAN:csv row 13	review first-person gender against MAN/WOMAN/WHO speaker context
