source	context	file	kind	machine_russian	final_russian	status	notes
"""Going this way seems dangerous..."""	file=level4;kind=tmp_m_text;script=Unity.TextMeshPro:TMPro.TextMeshProUGUI;object_path_id=9585;gameobject=FriendText;offset=2032876	level4	tmp_m_text		"""Идти туда кажется опасным..."""	approved	
"""I can't sleep well..."""	file=level4;kind=tmp_m_text;script=Unity.TextMeshPro:TMPro.TextMeshProUGUI;object_path_id=9606;gameobject=Text (TMP);offset=2044140	level4	tmp_m_text		"""Я плохо сплю..."""	approved	
"""I need to turn..."""	file=level4;kind=tmp_m_text;script=Unity.TextMeshPro:TMPro.TextMeshProUGUI;object_path_id=9581;gameobject=FriendText;offset=2030716	level4	tmp_m_text		"""Нужно повернуть..."""	approved	
"""Let's hope this can guide me..."""	file=level4;kind=tmp_m_text;script=Unity.TextMeshPro:TMPro.TextMeshProUGUI;object_path_id=9595;gameobject=handy_text;offset=2038252	level4	tmp_m_text		"""Надеюсь, это укажет путь..."""	approved	
"""Okay, let's go somewhere..."""	file=level4;kind=tmp_m_text;script=Unity.TextMeshPro:TMPro.TextMeshProUGUI;object_path_id=9608;gameobject=handy_text (1);offset=2045212	level4	tmp_m_text		"""Ладно, попробуем куда-нибудь пойти..."""	approved	
"""This might come in handy..."""	file=level4;kind=tmp_m_text;script=Unity.TextMeshPro:TMPro.TextMeshProUGUI;object_path_id=9601;gameobject=handy_text;offset=2041468	level4	tmp_m_text		"""Это может пригодиться..."""	approved	
"""This might help me navigate..."""	file=level4;kind=tmp_m_text;script=Unity.TextMeshPro:TMPro.TextMeshProUGUI;object_path_id=9584;gameobject=handy_text;offset=2032332	level4	tmp_m_text		"""Это может помочь с навигацией..."""	approved	
(Removes the requirement of holding mouse button.)	file=level1;kind=tmp_m_text;script=Unity.TextMeshPro:TMPro.TextMeshProUGUI;object_path_id=1578;gameobject=SettingDesc;offset=220796 | file=level2;kind=tmp_m_text;script=Unity.TextMeshPro:TMPro.TextMeshProUGUI;object_path_id=7142;gameobject=SettingDesc;offset=1117756 | file=level3;kind=tmp_m_text;script=Unity.TextMeshPro:TMPro.TextMeshProUGUI;object_path_id=4379;gameobject=SettingDesc;offset=848204 | file=level4;kind=tmp_m_text;script=Unity.TextMeshPro:TMPro.TextMeshProUGUI;object_path_id=9621;gameobject=SettingDesc;offset=2052460 | file=level5;kind=tmp_m_text;script=Unity.TextMeshPro:TMPro.TextMeshProUGUI;object_path_id=1737;gameobject=SettingDesc;offset=283804	level1;level2;level3;level4;level5	tmp_m_text		(Убирает необходимость удерживать кнопку мыши.)	approved	
"+Faster Hunger
+Double Damage"	file=level1;kind=tmp_m_text;script=Unity.TextMeshPro:TMPro.TextMeshProUGUI;object_path_id=1483;gameobject=description;offset=169116	level1	tmp_m_text		"+Быстрее голод
+Двойной урон"	approved	
"+Slower Hunger
+Health Regenerates"	file=level1;kind=tmp_m_text;script=Unity.TextMeshPro:TMPro.TextMeshProUGUI;object_path_id=1523;gameobject=description;offset=191020	level1	tmp_m_text		"+Медленнее голод
+Здоровье восстанавливается"	approved	
<b>Red Snapper</b> <i>(+1 Food!)</i>	file=level3;kind=tmp_m_text;script=Unity.TextMeshPro:TMPro.TextMeshProUGUI;object_path_id=4336;gameobject=top;offset=824732	level3	tmp_m_text		<b>Красный луциан</b> <i>(+1 еда!)</i>	approved	
<b>Weight:</b> 0.5kg	file=level3;kind=tmp_m_text;script=Unity.TextMeshPro:TMPro.TextMeshProUGUI;object_path_id=4310;gameobject=bottom;offset=810780	level3	tmp_m_text		<b>Вес:</b> 0,5 кг	approved	
[E]	file=level2;kind=tmp_m_text;script=Unity.TextMeshPro:TMPro.TextMeshProUGUI;object_path_id=7123;gameobject=PickUpE;offset=1107356 | file=level2;kind=tmp_m_text;script=Unity.TextMeshPro:TMPro.TextMeshProUGUI;object_path_id=7125;gameobject=PickUpE;offset=1108412	level2	tmp_m_text		[E]	approved	
A New Day	file=level3;kind=tmp_m_text;script=Unity.TextMeshPro:TMPro.TextMeshProUGUI;object_path_id=4308;gameobject=NightText;offset=809724	level3	tmp_m_text		Новый день	approved	
A note...?	file=level3;kind=mono_string_candidate;script=Assembly-CSharp:FishingController;object_path_id=4729;gameobject=Task_Fishing;offset=910028	level3	mono_string_candidate		Записка...?	approved	
A photo...?	file=level3;kind=mono_string_candidate;script=Assembly-CSharp:FishingController;object_path_id=4729;gameobject=Task_Fishing;offset=910352	level3	mono_string_candidate		Фотография...?	approved	
A tape record...?	file=level3;kind=mono_string_candidate;script=Assembly-CSharp:FishingController;object_path_id=4729;gameobject=Task_Fishing;offset=910668	level3	mono_string_candidate		Магнитофонная запись...?	approved	
A wallet...?	file=level3;kind=mono_string_candidate;script=Assembly-CSharp:FishingController;object_path_id=4729;gameobject=Task_Fishing;offset=910512	level3	mono_string_candidate		Бумажник...?	approved	
Abandon ship!	file=level2;kind=tmp_m_text;script=Unity.TextMeshPro:TMPro.TextMeshProUGUI;object_path_id=7129;gameobject=saveyo_text;offset=1110540	level2	tmp_m_text		Покинуть корабль!	approved	
Accept	file=level1;kind=tmp_m_text;script=Unity.TextMeshPro:TMPro.TextMeshProUGUI;object_path_id=1594;gameobject=txt;offset=229676 | file=level2;kind=tmp_m_text;script=Unity.TextMeshPro:TMPro.TextMeshProUGUI;object_path_id=7166;gameobject=txt;offset=1130668 | file=level3;kind=tmp_m_text;script=Unity.TextMeshPro:TMPro.TextMeshProUGUI;object_path_id=4403;gameobject=txt;offset=861116 | file=level4;kind=tmp_m_text;script=Unity.TextMeshPro:TMPro.TextMeshProUGUI;object_path_id=9645;gameobject=txt;offset=2065372 | file=level5;kind=tmp_m_text;script=Unity.TextMeshPro:TMPro.TextMeshProUGUI;object_path_id=1761;gameobject=txt;offset=296716 | manual=screenshot_or_glossary	level1;level2;level3;level4;level5;manual	manual;tmp_m_text		Принять	approved	
Adventure	file=level1;kind=tmp_m_text;script=Unity.TextMeshPro:TMPro.TextMeshProUGUI;object_path_id=1472;gameobject=txt;offset=163212 | manual=screenshot_or_glossary	level1;manual	manual;tmp_m_text		Приключение	approved	
Already healthy!	file=level3;kind=tmp_m_text;script=Unity.TextMeshPro:TMPro.TextMeshProUGUI;object_path_id=4319;gameobject=AlreadyHealthytext;offset=815644	level3	tmp_m_text		Уже здоров!	approved	
Already repaired	file=level3;kind=mono_string_candidate;script=Assembly-CSharp:CursorInfoMaker;object_path_id=4666;gameobject=doTask_repair;offset=899380	level3	mono_string_candidate		Уже починено	approved	
Alternative to 'E': Left-Click or Right-Shift	file=level1;kind=tmp_m_text;script=Unity.TextMeshPro:TMPro.TextMeshProUGUI;object_path_id=1545;gameobject=howtoplay_alte;offset=202780	level1	tmp_m_text		Альтернатива 'E': левая кнопка мыши или правый Shift	approved	
Anchor	file=level3;kind=mono_string_candidate;script=Assembly-CSharp:CursorInfoMaker;object_path_id=4456;gameobject=anchor;offset=871104 | file=level4;kind=mono_string_candidate;script=Assembly-CSharp:CursorInfoMaker;object_path_id=9731;gameobject=anchor;offset=2078976	level3;level4	mono_string_candidate		Якорь	approved	
Back	file=level1;kind=tmp_m_text;script=Unity.TextMeshPro:TMPro.TextMeshProUGUI;object_path_id=1512;gameobject=txt;offset=184988 | manual=screenshot_or_glossary	level1;manual	manual;tmp_m_text		Назад	approved	
Back to Menu	file=level1;kind=tmp_m_text;script=Unity.TextMeshPro:TMPro.TextMeshProUGUI;object_path_id=1574;gameobject=txt;offset=218652 | file=level2;kind=tmp_m_text;script=Unity.TextMeshPro:TMPro.TextMeshProUGUI;object_path_id=7134;gameobject=txt;offset=1113196 | file=level3;kind=tmp_m_text;script=Unity.TextMeshPro:TMPro.TextMeshProUGUI;object_path_id=4371;gameobject=txt;offset=843644 | file=level4;kind=tmp_m_text;script=Unity.TextMeshPro:TMPro.TextMeshProUGUI;object_path_id=9613;gameobject=txt;offset=2047900 | file=level5;kind=tmp_m_text;script=Unity.TextMeshPro:TMPro.TextMeshProUGUI;object_path_id=1729;gameobject=txt;offset=279244 | manual=screenshot_or_glossary	level1;level2;level3;level4;level5;manual	manual;tmp_m_text		В меню	approved	
Badges	file=level1;kind=tmp_m_text;script=Unity.TextMeshPro:TMPro.TextMeshProUGUI;object_path_id=1540;gameobject=Text (TMP);offset=200124	level1	tmp_m_text		Значки	approved	
Bait	file=level3;kind=mono_string_candidate;script=Assembly-CSharp:CursorInfoMaker;object_path_id=4511;gameobject=bait (1);offset=879248 | file=level3;kind=mono_string_candidate;script=Assembly-CSharp:CursorInfoMaker;object_path_id=4658;gameobject=bait (2);offset=898016 | file=level3;kind=mono_string_candidate;script=Assembly-CSharp:CursorInfoMaker;object_path_id=4714;gameobject=bait;offset=905536 | file=level4;kind=mono_string_candidate;script=Assembly-CSharp:CursorInfoMaker;object_path_id=10237;gameobject=bait (1);offset=2143344 | file=level4;kind=mono_string_candidate;script=Assembly-CSharp:CursorInfoMaker;object_path_id=9736;gameobject=bait;offset=2079504 | file=level4;kind=mono_string_candidate;script=Assembly-CSharp:CursorInfoMaker;object_path_id=9973;gameobject=bait (2);offset=2108832	level3;level4	mono_string_candidate		Наживка	approved	
Bait Consumed	file=level3;kind=tmp_m_text;script=Unity.TextMeshPro:TMPro.TextMeshProUGUI;object_path_id=4311;gameobject=bait_consumed;offset=811324	level3	tmp_m_text		Наживка израсходована	approved	
Barely working.	file=level3;kind=mono_string_candidate;script=Assembly-CSharp:FishingController;object_path_id=4729;gameobject=Task_Fishing;offset=910700	level3	mono_string_candidate		Едва работает.	approved	
Bass	file=level3;kind=mono_string_candidate;script=Assembly-CSharp:FishingController;object_path_id=4729;gameobject=Task_Fishing;offset=910940	level3	mono_string_candidate		Окунь	approved	
Boat Damaged	file=level3;kind=tmp_m_text;script=Unity.TextMeshPro:TMPro.TextMeshProUGUI;object_path_id=4313;gameobject=Title;offset=812380	level3	tmp_m_text		Шлюпка повреждена	approved	
Boat Full!	file=level2;kind=tmp_m_text;script=Unity.TextMeshPro:TMPro.TextMeshProUGUI;object_path_id=7127;gameobject=tooheavy_text;offset=1109484	level2	tmp_m_text		Шлюпка заполнена!	approved	
Boost eating?	file=level3;kind=tmp_m_text;script=Unity.TextMeshPro:TMPro.TextMeshProUGUI;object_path_id=4302;gameobject=text_use;offset=806540	level3	tmp_m_text		Ускорить еду?	approved	
Boot	file=level3;kind=mono_string_candidate;script=Assembly-CSharp:FishingController;object_path_id=4729;gameobject=Task_Fishing;offset=908768	level3	mono_string_candidate		Ботинок	approved	
Bottled Paper	file=level4;kind=mono_string_candidate;script=Assembly-CSharp:CursorInfoMaker;object_path_id=9964;gameobject=bottle_left_visual;offset=2107536	level4	mono_string_candidate		Бумага в бутылке	approved	
Brightness	file=level1;kind=tmp_m_text;script=Unity.TextMeshPro:TMPro.TextMeshProUGUI;object_path_id=1581;gameobject=SettingName;offset=222732 | file=level2;kind=tmp_m_text;script=Unity.TextMeshPro:TMPro.TextMeshProUGUI;object_path_id=7141;gameobject=SettingName;offset=1117228 | file=level3;kind=tmp_m_text;script=Unity.TextMeshPro:TMPro.TextMeshProUGUI;object_path_id=4378;gameobject=SettingName;offset=847676 | file=level4;kind=tmp_m_text;script=Unity.TextMeshPro:TMPro.TextMeshProUGUI;object_path_id=9620;gameobject=SettingName;offset=2051932 | file=level5;kind=tmp_m_text;script=Unity.TextMeshPro:TMPro.TextMeshProUGUI;object_path_id=1736;gameobject=SettingName;offset=283276 | manual=screenshot_or_glossary	level1;level2;level3;level4;level5;manual	manual;tmp_m_text		Яркость	approved	
Broken Anchor	file=level3;kind=mono_string_candidate;script=Assembly-CSharp:CursorInfoMaker;object_path_id=4500;gameobject=anchor (broken);offset=877904 | file=level4;kind=mono_string_candidate;script=Assembly-CSharp:CursorInfoMaker;object_path_id=10067;gameobject=anchor (broken);offset=2120592	level3;level4	mono_string_candidate		Сломанный якорь	approved	
Broken Bucket	file=level3;kind=mono_string_candidate;script=Assembly-CSharp:CursorInfoMaker;object_path_id=4423;gameobject=bucket (broken);offset=866240 | file=level4;kind=mono_string_candidate;script=Assembly-CSharp:CursorInfoMaker;object_path_id=10263;gameobject=bucket (broken);offset=2147328	level3;level4	mono_string_candidate		Сломанное ведро	approved	
Broken Compass	file=level3;kind=mono_string_candidate;script=Assembly-CSharp:CursorInfoMaker;object_path_id=4771;gameobject=compass (broken);offset=918976 | file=level3;kind=mono_string_candidate;script=Assembly-CSharp:FishingController;object_path_id=4729;gameobject=Task_Fishing;offset=909448 | file=level4;kind=mono_string_candidate;script=Assembly-CSharp:CursorInfoMaker;object_path_id=10051;gameobject=compass (broken);offset=2118832	level3;level4	mono_string_candidate		Сломанный компас	approved	
Broken Flashlight	file=level3;kind=mono_string_candidate;script=Assembly-CSharp:CursorInfoMaker;object_path_id=4502;gameobject=flashlight (broken);offset=878144 | file=level4;kind=mono_string_candidate;script=Assembly-CSharp:CursorInfoMaker;object_path_id=10099;gameobject=flashlight (broken);offset=2125104	level3;level4	mono_string_candidate		Сломанный фонарик	approved	
Broken Harpoon Gun	file=level3;kind=mono_string_candidate;script=Assembly-CSharp:CursorInfoMaker;object_path_id=4674;gameobject=hookgun (broken);offset=900208 | file=level4;kind=mono_string_candidate;script=Assembly-CSharp:CursorInfoMaker;object_path_id=10183;gameobject=hookgun (broken);offset=2137216	level3;level4	mono_string_candidate		Сломанный гарпун	approved	
Broken Scuba Set	file=level3;kind=mono_string_candidate;script=Assembly-CSharp:CursorInfoMaker;object_path_id=4797;gameobject=scuba_set (broken);offset=923072 | file=level4;kind=mono_string_candidate;script=Assembly-CSharp:CursorInfoMaker;object_path_id=9766;gameobject=scuba_set (broken);offset=2083104	level3;level4	mono_string_candidate		Сломанный акваланг	approved	
Broken Telescope	file=level3;kind=mono_string_candidate;script=Assembly-CSharp:CursorInfoMaker;object_path_id=4515;gameobject=telescope (broken);offset=880032 | file=level4;kind=mono_string_candidate;script=Assembly-CSharp:CursorInfoMaker;object_path_id=9829;gameobject=telescope (broken);offset=2091648	level3;level4	mono_string_candidate		Сломанная подзорная труба	approved	
Bucket	file=level3;kind=mono_string_candidate;script=Assembly-CSharp:CursorInfoMaker;object_path_id=4595;gameobject=bucket;offset=889008 | file=level4;kind=mono_string_candidate;script=Assembly-CSharp:CursorInfoMaker;object_path_id=10167;gameobject=bucket;offset=2135024	level3;level4	mono_string_candidate		Ведро	approved	
By non-flying Dutchman.	file=level1;kind=tmp_m_text;script=Unity.TextMeshPro:TMPro.TextMeshProUGUI;object_path_id=1475;gameobject=Desc;offset=164796	level1	tmp_m_text		От нелетающего голландца.	approved	
By your own means.	file=level1;kind=tmp_m_text;script=Unity.TextMeshPro:TMPro.TextMeshProUGUI;object_path_id=1531;gameobject=Desc;offset=195308	level1	tmp_m_text		Своими силами.	approved	
Calm	file=level1;kind=tmp_m_text;script=Unity.TextMeshPro:TMPro.TextMeshProUGUI;object_path_id=1539;gameobject=txt;offset=199596	level1	tmp_m_text		Штиль	needs_review	Context-sensitive; verify in game.
Can of Worms	file=level3;kind=mono_string_candidate;script=Assembly-CSharp:FishingController;object_path_id=4729;gameobject=Task_Fishing;offset=909172	level3	mono_string_candidate		Банка червей	approved	
Cancel	file=level3;kind=tmp_m_text;script=Unity.TextMeshPro:TMPro.TextMeshProUGUI;object_path_id=4346;gameobject=Text (TMP);offset=830060 | file=level3;kind=tmp_m_text;script=Unity.TextMeshPro:TMPro.TextMeshProUGUI;object_path_id=4366;gameobject=cancel_txt;offset=840988	level3	tmp_m_text		Отмена	approved	
Captain Whiskers	file=level3;kind=mono_string_candidate;script=Assembly-CSharp:CursorInfoMaker;object_path_id=4411;gameobject=Cats;offset=864928 | file=level3;kind=mono_string_candidate;script=Assembly-CSharp:CursorInfoMaker;object_path_id=4692;gameobject=Cats (3);offset=902368 | file=level3;kind=mono_string_candidate;script=Assembly-CSharp:CursorInfoMaker;object_path_id=4811;gameobject=Cats (2);offset=924592 | file=level3;kind=mono_string_candidate;script=Assembly-CSharp:CursorInfoMaker;object_path_id=4815;gameobject=Cats (1);offset=924960	level3	mono_string_candidate		Капитан Усатик	approved	
Cause of Death: <size=75><color=#ff4400>Bleeding to death.	file=level5;kind=tmp_m_text;script=Unity.TextMeshPro:TMPro.TextMeshProUGUI;object_path_id=1723;gameobject=1;offset=275948	level5	tmp_m_text		Причина смерти: <size=75><color=#ff4400>Потеря крови.	approved	
Cheats	file=level1;kind=tmp_m_text;script=Unity.TextMeshPro:TMPro.TextMeshProUGUI;object_path_id=1478;gameobject=title_cheats;offset=166460	level1	tmp_m_text		Читы	approved	
Chest	file=level4;kind=mono_string_candidate;script=Assembly-CSharp:CursorInfoMaker;object_path_id=10204;gameobject=LootBoxChest;offset=2139648	level4	mono_string_candidate		Сундук	approved	
Choose an item...	file=level4;kind=tmp_m_text;script=Unity.TextMeshPro:TMPro.TextMeshProUGUI;object_path_id=9603;gameobject=choice_question_text;offset=2042540	level4	tmp_m_text		Выберите предмет...	approved	
Claimed by the sea.	file=level1;kind=tmp_m_text;script=Unity.TextMeshPro:TMPro.TextMeshProUGUI;object_path_id=1561;gameobject=Desc;offset=211580	level1	tmp_m_text		Море забрало вас.	approved	
Click to continue	file=level3;kind=tmp_m_text;script=Unity.TextMeshPro:TMPro.TextMeshProUGUI;object_path_id=4317;gameobject=ClickToContinue;offset=814540	level3	tmp_m_text		Нажмите, чтобы продолжить	approved	
Click To Continue	file=level3;kind=tmp_m_text;script=Unity.TextMeshPro:TMPro.TextMeshProUGUI;object_path_id=4324;gameobject=ClickToContinue;offset=818300 | manual=screenshot_or_glossary	level3;manual	manual;tmp_m_text		Нажмите, чтобы продолжить	approved	
Click To Eat	manual=screenshot_or_glossary	manual	manual		Нажмите, чтобы съесть	approved	
Click to fix!	file=level4;kind=tmp_m_text;script=Unity.TextMeshPro:TMPro.TextMeshProUGUI;object_path_id=9596;gameobject=click_to_fix;offset=2038812	level4	tmp_m_text		Нажмите, чтобы починить!	approved	
Close	file=level1;kind=tmp_m_text;script=Unity.TextMeshPro:TMPro.TextMeshProUGUI;object_path_id=1538;gameobject=Text (TMP);offset=199068	level1	tmp_m_text		Закрыть	approved	
Close Journal	file=level3;kind=tmp_m_text;script=Unity.TextMeshPro:TMPro.TextMeshProUGUI;object_path_id=4326;gameobject=Text (TMP);offset=819404	level3	tmp_m_text		Закрыть журнал	approved	
Clownfish	file=level3;kind=mono_string_candidate;script=Assembly-CSharp:FishingController;object_path_id=4729;gameobject=Task_Fishing;offset=911400	level3	mono_string_candidate		Рыба-клоун	approved	
Cod	file=level3;kind=mono_string_candidate;script=Assembly-CSharp:FishingController;object_path_id=4729;gameobject=Task_Fishing;offset=907972	level3	mono_string_candidate		Треска	approved	
"Company's Note: <size=70><color=#ffea8c>""Calculated Risk"""	file=level5;kind=tmp_m_text;script=Unity.TextMeshPro:TMPro.TextMeshProUGUI;object_path_id=1722;gameobject=6;offset=275372	level5	tmp_m_text		"Записка компании: <size=70><color=#ffea8c>""Просчитанный риск"""	needs_review	Context-sensitive; verify in game.
Compass	file=level3;kind=mono_string_candidate;script=Assembly-CSharp:CursorInfoMaker;object_path_id=4799;gameobject=compass;offset=923312 | file=level4;kind=mono_string_candidate;script=Assembly-CSharp:CursorInfoMaker;object_path_id=10267;gameobject=compass;offset=2147872	level3;level4	mono_string_candidate		Компас	approved	
Continue	file=level3;kind=tmp_m_text;script=Unity.TextMeshPro:TMPro.TextMeshProUGUI;object_path_id=4334;gameobject=cancel_txt;offset=823644 | file=level5;kind=tmp_m_text;script=Unity.TextMeshPro:TMPro.TextMeshProUGUI;object_path_id=1721;gameobject=Text (TMP);offset=274844 | manual=screenshot_or_glossary	level3;level5;manual	manual;tmp_m_text		Продолжить	approved	
"CONTROLS:
Look: Mouse | Move: 'W', 'A', 'S', 'D' | Grab/Throw: 'E'"	file=level1;kind=tmp_m_text;script=Unity.TextMeshPro:TMPro.TextMeshProUGUI;object_path_id=1477;gameobject=howtoplay_extra;offset=165868 | file=level1;kind=tmp_m_text;script=Unity.TextMeshPro:TMPro.TextMeshProUGUI;object_path_id=1534;gameobject=howtoplay_extra;offset=196908 | file=level1;kind=tmp_m_text;script=Unity.TextMeshPro:TMPro.TextMeshProUGUI;object_path_id=1564;gameobject=howtoplay_extra;offset=213196	level1	tmp_m_text		"УПРАВЛЕНИЕ:
Обзор: мышь | Движение: 'W', 'A', 'S', 'D' | Взять/бросить: 'E'"	approved	
Crab	file=level3;kind=mono_string_candidate;script=Assembly-CSharp:FishingController;object_path_id=4729;gameobject=Task_Fishing;offset=908416	level3	mono_string_candidate		Краб	approved	
Cursor Tip Text	file=level4;kind=tmp_m_text;script=Unity.TextMeshPro:TMPro.TextMeshProUGUI;object_path_id=9599;gameobject=CursorTipText;offset=2040412	level4	tmp_m_text		Подсказка курсора	approved	
Customized Game!	file=level1;kind=tmp_m_text;script=Unity.TextMeshPro:TMPro.TextMeshProUGUI;object_path_id=1498;gameobject=extras_on;offset=177388	level1	tmp_m_text		Своя игра!	approved	
Day 0	file=level1;kind=tmp_m_text;script=Unity.TextMeshPro:TMPro.TextMeshProUGUI;object_path_id=1601;gameobject=Text (TMP);offset=233404 | file=level2;kind=tmp_m_text;script=Unity.TextMeshPro:TMPro.TextMeshProUGUI;object_path_id=7159;gameobject=Text (TMP);offset=1126908 | file=level3;kind=tmp_m_text;script=Unity.TextMeshPro:TMPro.TextMeshProUGUI;object_path_id=4396;gameobject=Text (TMP);offset=857356 | file=level4;kind=tmp_m_text;script=Unity.TextMeshPro:TMPro.TextMeshProUGUI;object_path_id=9638;gameobject=Text (TMP);offset=2061612 | file=level5;kind=tmp_m_text;script=Unity.TextMeshPro:TMPro.TextMeshProUGUI;object_path_id=1754;gameobject=Text (TMP);offset=292956	level1;level2;level3;level4;level5	tmp_m_text		День 0	approved	
Day 1	file=level4;kind=tmp_m_text;script=Unity.TextMeshPro:TMPro.TextMeshProUGUI;object_path_id=9607;gameobject=DayText;offset=2044684	level4	tmp_m_text		День 1	approved	
Days Survived: <size=75><color=#adf1ff>22	file=level5;kind=tmp_m_text;script=Unity.TextMeshPro:TMPro.TextMeshProUGUI;object_path_id=1720;gameobject=2;offset=274284	level5	tmp_m_text		Дней выжито: <size=75><color=#adf1ff>22	approved	
DEAD	file=level3;kind=tmp_m_text;script=Unity.TextMeshPro:TMPro.TextMeshProUGUI;object_path_id=4367;gameobject=Text (TMP);offset=841516	level3	tmp_m_text		МЕРТВ	approved	
Deflated Swim Ring	file=level3;kind=mono_string_candidate;script=Assembly-CSharp:CursorInfoMaker;object_path_id=4609;gameobject=swimming_belt (broken);offset=890480 | file=level4;kind=mono_string_candidate;script=Assembly-CSharp:CursorInfoMaker;object_path_id=9661;gameobject=swimming_belt (broken);offset=2070432	level3;level4	mono_string_candidate		Сдувшийся спасательный круг	approved	
Details are smudged.	file=level3;kind=mono_string_candidate;script=Assembly-CSharp:FishingController;object_path_id=4729;gameobject=Task_Fishing;offset=910216	level3	mono_string_candidate		Детали размазаны.	approved	
Distance: 999m	file=level3;kind=tmp_m_text;script=Unity.TextMeshPro:TMPro.TextMeshProUGUI;object_path_id=4298;gameobject=distance_text;offset=804380	level3	tmp_m_text		Расстояние: 999 м	approved	
Do it!	file=level3;kind=tmp_m_text;script=Unity.TextMeshPro:TMPro.TextMeshProUGUI;object_path_id=4342;gameobject=Text (TMP);offset=827932	level3	tmp_m_text		Сделать!	approved	
Do you accept?	file=level3;kind=tmp_m_text;script=Unity.TextMeshPro:TMPro.TextMeshProUGUI;object_path_id=4331;gameobject=ChoiceText;offset=822044	level3	tmp_m_text		Принять?	approved	
Don't Sleep With the Fishes	file=level1;kind=tmp_m_text;script=Unity.TextMeshPro:TMPro.TextMeshProUGUI;object_path_id=1529;gameobject=main_title;offset=194236	level1	tmp_m_text		Не спи с рыбами	approved	
Double Hunger	file=level1;kind=tmp_m_text;script=Unity.TextMeshPro:TMPro.TextMeshProUGUI;object_path_id=1504;gameobject=subtitle;offset=180556	level1	tmp_m_text		Двойной голод	approved	
Drifting Barrel	file=level3;kind=mono_string_candidate;script=Assembly-CSharp:CursorInfoMaker;object_path_id=4437;gameobject=barrelToClick_2;offset=868992 | file=level3;kind=mono_string_candidate;script=Assembly-CSharp:CursorInfoMaker;object_path_id=4961;gameobject=barrelToClick;offset=964640	level3	mono_string_candidate		Дрейфующая бочка	approved	
Drifting Crate	file=level3;kind=mono_string_candidate;script=Assembly-CSharp:CursorInfoMaker;object_path_id=4723;gameobject=crateToClick_2;offset=906512 | file=level3;kind=mono_string_candidate;script=Assembly-CSharp:CursorInfoMaker;object_path_id=4975;gameobject=crateToClick;offset=968944	level3	mono_string_candidate		Дрейфующий ящик	approved	
Drowning	file=level1;kind=tmp_m_text;script=Unity.TextMeshPro:TMPro.TextMeshProUGUI;object_path_id=1496;gameobject=txt;offset=176252	level1	tmp_m_text		Утопление	needs_review	Context-sensitive; verify in game.
Duct Tape	file=level3;kind=mono_string_candidate;script=Assembly-CSharp:CursorInfoMaker;object_path_id=4494;gameobject=ducttape;offset=877344 | file=level4;kind=mono_string_candidate;script=Assembly-CSharp:CursorInfoMaker;object_path_id=9701;gameobject=ducttape;offset=2075600	level3;level4	mono_string_candidate		Скотч	approved	
Eat (Small)	file=level4;kind=tmp_m_text;script=Unity.TextMeshPro:TMPro.TextMeshProUGUI;object_path_id=9589;gameobject=CursorTipText_subText;offset=2035020	level4	tmp_m_text		Съесть (мало)	approved	
Eat Fish!	file=level3;kind=tmp_m_text;script=Unity.TextMeshPro:TMPro.TextMeshProUGUI;object_path_id=4361;gameobject=CursorTipText_subText;offset=838332	level3	tmp_m_text		Съесть рыбу!	approved	
Eat for Energy	file=level1;kind=tmp_m_text;script=Unity.TextMeshPro:TMPro.TextMeshProUGUI;object_path_id=1553;gameobject=subtitle;offset=207324	level1	tmp_m_text		Ешьте ради энергии	approved	
End Day	file=level3;kind=tmp_m_text;script=Unity.TextMeshPro:TMPro.TextMeshProUGUI;object_path_id=4341;gameobject=Text (TMP);offset=827404 | manual=screenshot_or_glossary	level3;manual	manual;tmp_m_text		Завершить день	approved	
Energy Bar	file=level3;kind=mono_string_candidate;script=Assembly-CSharp:CursorInfoMaker;object_path_id=4530;gameobject=energy_bar;offset=881952 | file=level3;kind=mono_string_candidate;script=Assembly-CSharp:FishingController;object_path_id=4729;gameobject=Task_Fishing;offset=909776 | file=level4;kind=mono_string_candidate;script=Assembly-CSharp:CursorInfoMaker;object_path_id=10015;gameobject=energy_bar;offset=2114448	level3;level4	mono_string_candidate		Энергетический батончик	approved	
Enter Action Code	file=level1;kind=tmp_m_text;script=Unity.TextMeshPro:TMPro.TextMeshProUGUI;object_path_id=1588;gameobject=Text (TMP);offset=226476 | file=level2;kind=tmp_m_text;script=Unity.TextMeshPro:TMPro.TextMeshProUGUI;object_path_id=7172;gameobject=Text (TMP);offset=1133836 | file=level3;kind=tmp_m_text;script=Unity.TextMeshPro:TMPro.TextMeshProUGUI;object_path_id=4409;gameobject=Text (TMP);offset=864284 | file=level4;kind=tmp_m_text;script=Unity.TextMeshPro:TMPro.TextMeshProUGUI;object_path_id=9651;gameobject=Text (TMP);offset=2068540 | file=level5;kind=tmp_m_text;script=Unity.TextMeshPro:TMPro.TextMeshProUGUI;object_path_id=1767;gameobject=Text (TMP);offset=299884	level1;level2;level3;level4;level5	tmp_m_text		Введите код действия	approved	
Enter text...	file=level1;kind=tmp_m_text;script=Unity.TextMeshPro:TMPro.TextMeshProUGUI;object_path_id=1579;gameobject=Placeholder;offset=221372 | file=level1;kind=tmp_m_text;script=Unity.TextMeshPro:TMPro.TextMeshProUGUI;object_path_id=1596;gameobject=Placeholder;offset=230748 | file=level2;kind=tmp_m_text;script=Unity.TextMeshPro:TMPro.TextMeshProUGUI;object_path_id=7143;gameobject=Placeholder;offset=1118332 | file=level2;kind=tmp_m_text;script=Unity.TextMeshPro:TMPro.TextMeshProUGUI;object_path_id=7152;gameobject=Placeholder;offset=1123180 | file=level3;kind=tmp_m_text;script=Unity.TextMeshPro:TMPro.TextMeshProUGUI;object_path_id=4380;gameobject=Placeholder;offset=848780 | file=level3;kind=tmp_m_text;script=Unity.TextMeshPro:TMPro.TextMeshProUGUI;object_path_id=4389;gameobject=Placeholder;offset=853628 | file=level4;kind=tmp_m_text;script=Unity.TextMeshPro:TMPro.TextMeshProUGUI;object_path_id=9622;gameobject=Placeholder;offset=2053036 | file=level4;kind=tmp_m_text;script=Unity.TextMeshPro:TMPro.TextMeshProUGUI;object_path_id=9631;gameobject=Placeholder;offset=2057884 | file=level5;kind=tmp_m_text;script=Unity.TextMeshPro:TMPro.TextMeshProUGUI;object_path_id=1738;gameobject=Placeholder;offset=284380 | file=level5;kind=tmp_m_text;script=Unity.TextMeshPro:TMPro.TextMeshProUGUI;object_path_id=1747;gameobject=Placeholder;offset=289228	level1;level2;level3;level4;level5	tmp_m_text		Введите текст...	approved	
Extra Difficulties	file=level1;kind=tmp_m_text;script=Unity.TextMeshPro:TMPro.TextMeshProUGUI;object_path_id=1528;gameobject=title_cons;offset=193692	level1	tmp_m_text		Дополнительные сложности	approved	
Feed?	file=level3;kind=tmp_m_text;script=Unity.TextMeshPro:TMPro.TextMeshProUGUI;object_path_id=4357;gameobject=text_use;offset=836156	level3	tmp_m_text		Покормить?	approved	
First Aid Kit	file=level3;kind=mono_string_candidate;script=Assembly-CSharp:CursorInfoMaker;object_path_id=4616;gameobject=firstaidkit;offset=891120 | file=level4;kind=mono_string_candidate;script=Assembly-CSharp:CursorInfoMaker;object_path_id=10018;gameobject=firstaidkit;offset=2114720	level3;level4	mono_string_candidate		Аптечка	approved	
First steps!	file=level1;kind=tmp_m_text;script=Unity.TextMeshPro:TMPro.TextMeshProUGUI;object_path_id=1486;gameobject=page_Title;offset=170716	level1	tmp_m_text		Первые шаги!	approved	
Fish Can	file=level4;kind=mono_string_candidate;script=Assembly-CSharp:CursorInfoMaker;object_path_id=10070;gameobject=food_fish (6);offset=2121840 | file=level4;kind=mono_string_candidate;script=Assembly-CSharp:CursorInfoMaker;object_path_id=10245;gameobject=food_fish (7);offset=2145392 | file=level4;kind=mono_string_candidate;script=Assembly-CSharp:CursorInfoMaker;object_path_id=9693;gameobject=food_fish (1);offset=2074656 | file=level4;kind=mono_string_candidate;script=Assembly-CSharp:CursorInfoMaker;object_path_id=9780;gameobject=food_fish (2);offset=2084912 | file=level4;kind=mono_string_candidate;script=Assembly-CSharp:CursorInfoMaker;object_path_id=9832;gameobject=food_fish (4);offset=2091984 | file=level4;kind=mono_string_candidate;script=Assembly-CSharp:CursorInfoMaker;object_path_id=9908;gameobject=food_fish (3);offset=2100832 | file=level4;kind=mono_string_candidate;script=Assembly-CSharp:CursorInfoMaker;object_path_id=9911;gameobject=food_fish;offset=2101152 | file=level4;kind=mono_string_candidate;script=Assembly-CSharp:CursorInfoMaker;object_path_id=9944;gameobject=food_fish (5);offset=2105120 | manual=screenshot_or_glossary	level4;manual	manual;mono_string_candidate		Банка рыбы	approved	
Fish Caught: <size=75><color=#adf1ff>6	file=level5;kind=tmp_m_text;script=Unity.TextMeshPro:TMPro.TextMeshProUGUI;object_path_id=1719;gameobject=4;offset=273724	level5	tmp_m_text		Рыбы поймано: <size=75><color=#adf1ff>6	approved	
Fish Food	file=level3;kind=tmp_m_text;script=Unity.TextMeshPro:TMPro.TextMeshProUGUI;object_path_id=4363;gameobject=CursorTipText;offset=839388 | manual=screenshot_or_glossary	level3;manual	manual;tmp_m_text		Консервы	needs_review	Context-sensitive; verify in game.
Fishlet	file=level3;kind=mono_string_candidate;script=Assembly-CSharp:FishingController;object_path_id=4729;gameobject=Task_Fishing;offset=909040	level3	mono_string_candidate		Рыбешка	approved	
Fishnet	file=level3;kind=mono_string_candidate;script=Assembly-CSharp:CursorInfoMaker;object_path_id=4492;gameobject=net;offset=877104 | file=level4;kind=mono_string_candidate;script=Assembly-CSharp:CursorInfoMaker;object_path_id=9852;gameobject=net;offset=2094496 | manual=screenshot_or_glossary	level3;level4;manual	manual;mono_string_candidate		Сеть	approved	
Fix with tape!	file=level3;kind=tmp_m_text;script=Unity.TextMeshPro:TMPro.TextMeshProUGUI;object_path_id=4304;gameobject=click_to_fix;offset=807596	level3	tmp_m_text		Починить скотчем!	approved	
Fix!	file=level3;kind=mono_string_candidate;script=Assembly-CSharp:CursorInfoMaker;object_path_id=4441;gameobject=NAIL_01 (2);offset=869344 | file=level3;kind=mono_string_candidate;script=Assembly-CSharp:CursorInfoMaker;object_path_id=4527;gameobject=NAIL_01 (5);offset=881696 | file=level3;kind=mono_string_candidate;script=Assembly-CSharp:CursorInfoMaker;object_path_id=4556;gameobject=NAIL_01 (8);offset=884976 | file=level3;kind=mono_string_candidate;script=Assembly-CSharp:CursorInfoMaker;object_path_id=4589;gameobject=NAIL_01 (6);offset=888400 | file=level3;kind=mono_string_candidate;script=Assembly-CSharp:CursorInfoMaker;object_path_id=4720;gameobject=NAIL_01 (3);offset=906192 | file=level3;kind=mono_string_candidate;script=Assembly-CSharp:CursorInfoMaker;object_path_id=4755;gameobject=NAIL_01 (7);offset=917296 | file=level3;kind=mono_string_candidate;script=Assembly-CSharp:CursorInfoMaker;object_path_id=4805;gameobject=NAIL_01 (1);offset=924000 | file=level3;kind=mono_string_candidate;script=Assembly-CSharp:CursorInfoMaker;object_path_id=4820;gameobject=NAIL_01 (4);offset=925440 | file=level3;kind=mono_string_candidate;script=Assembly-CSharp:CursorInfoMaker;object_path_id=4865;gameobject=NAIL_01;offset=932768	level3	mono_string_candidate		Чинить!	approved	
Flare Gun	file=level3;kind=mono_string_candidate;script=Assembly-CSharp:CursorInfoMaker;object_path_id=4732;gameobject=flaregun;offset=912704 | file=level4;kind=mono_string_candidate;script=Assembly-CSharp:CursorInfoMaker;object_path_id=10117;gameobject=flaregun;offset=2126928	level3;level4	mono_string_candidate		Сигнальный пистолет	approved	
Flashlight	file=level3;kind=mono_string_candidate;script=Assembly-CSharp:CursorInfoMaker;object_path_id=4559;gameobject=flashlight;offset=885264 | file=level4;kind=mono_string_candidate;script=Assembly-CSharp:CursorInfoMaker;object_path_id=9794;gameobject=flashlight;offset=2086416	level3;level4	mono_string_candidate		Фонарик	approved	
Flounder	file=level3;kind=mono_string_candidate;script=Assembly-CSharp:FishingController;object_path_id=4729;gameobject=Task_Fishing;offset=908084	level3	mono_string_candidate		Камбала	approved	
Food	file=level3;kind=mono_string_candidate;script=Assembly-CSharp:CursorInfoMaker;object_path_id=4447;gameobject=food_fish (7);offset=870112 | file=level3;kind=mono_string_candidate;script=Assembly-CSharp:CursorInfoMaker;object_path_id=4488;gameobject=food_fish (6);offset=876752 | file=level3;kind=mono_string_candidate;script=Assembly-CSharp:CursorInfoMaker;object_path_id=4489;gameobject=food_fish (3);offset=876848 | file=level3;kind=mono_string_candidate;script=Assembly-CSharp:CursorInfoMaker;object_path_id=4532;gameobject=food_fish;offset=882320 | file=level3;kind=mono_string_candidate;script=Assembly-CSharp:CursorInfoMaker;object_path_id=4545;gameobject=food_fish (1);offset=883776 | file=level3;kind=mono_string_candidate;script=Assembly-CSharp:CursorInfoMaker;object_path_id=4560;gameobject=food_fish (4);offset=885360 | file=level3;kind=mono_string_candidate;script=Assembly-CSharp:CursorInfoMaker;object_path_id=4661;gameobject=food_fish (2);offset=898400 | file=level3;kind=mono_string_candidate;script=Assembly-CSharp:CursorInfoMaker;object_path_id=4702;gameobject=food_fish (5);offset=903920 | manual=screenshot_or_glossary	level3;manual	manual;mono_string_candidate		Еда	approved	
Food Eaten: <size=75><color=#adf1ff>15	file=level5;kind=tmp_m_text;script=Unity.TextMeshPro:TMPro.TextMeshProUGUI;object_path_id=1724;gameobject=3;offset=276524	level5	tmp_m_text		Еды съедено: <size=75><color=#adf1ff>15	approved	
Food:	manual=screenshot_or_glossary	manual	manual		Еда:	approved	
Forced Night Result	file=level1;kind=tmp_m_text;script=Unity.TextMeshPro:TMPro.TextMeshProUGUI;object_path_id=1595;gameobject=NightResulttxt;offset=230204 | file=level2;kind=tmp_m_text;script=Unity.TextMeshPro:TMPro.TextMeshProUGUI;object_path_id=7155;gameobject=NightResulttxt;offset=1124780 | file=level3;kind=tmp_m_text;script=Unity.TextMeshPro:TMPro.TextMeshProUGUI;object_path_id=4392;gameobject=NightResulttxt;offset=855228 | file=level4;kind=tmp_m_text;script=Unity.TextMeshPro:TMPro.TextMeshProUGUI;object_path_id=9634;gameobject=NightResulttxt;offset=2059484 | file=level5;kind=tmp_m_text;script=Unity.TextMeshPro:TMPro.TextMeshProUGUI;object_path_id=1750;gameobject=NightResulttxt;offset=290828	level1;level2;level3;level4;level5	tmp_m_text		Принудительный ночной результат	approved	
Found Inside:	file=level3;kind=tmp_m_text;script=Unity.TextMeshPro:TMPro.TextMeshProUGUI;object_path_id=4333;gameobject=Title;offset=823116	level3	tmp_m_text		Внутри найдено:	approved	
Frederick	file=level3;kind=tmp_m_text;script=Unity.TextMeshPro:TMPro.TextMeshProUGUI;object_path_id=4306;gameobject=Name;offset=808668	level3	tmp_m_text		Фредерик	approved	
Frederik does not feel well...	file=level3;kind=tmp_m_text;script=Unity.TextMeshPro:TMPro.TextMeshProUGUI;object_path_id=4301;gameobject=friendtootired_txt;offset=805996	level3	tmp_m_text		Фредерику нездоровится...	approved	
Full already!	file=level3;kind=tmp_m_text;script=Unity.TextMeshPro:TMPro.TextMeshProUGUI;object_path_id=4337;gameobject=AlreadyFullText;offset=825292	level3	tmp_m_text		Уже сыт!	approved	
Get the Crate!	file=level3;kind=tmp_m_text;script=Unity.TextMeshPro:TMPro.TextMeshProUGUI;object_path_id=4296;gameobject=myself_txt;offset=803324	level3	tmp_m_text		Достаньте ящик!	approved	
go to sleep	file=level4;kind=tmp_m_text;script=Unity.TextMeshPro:TMPro.TextMeshProUGUI;object_path_id=9571;gameobject=Text (TMP);offset=2025324 | file=level4;kind=tmp_m_text;script=Unity.TextMeshPro:TMPro.TextMeshProUGUI;object_path_id=9572;gameobject=Text (TMP);offset=2025852 | file=level4;kind=tmp_m_text;script=Unity.TextMeshPro:TMPro.TextMeshProUGUI;object_path_id=9573;gameobject=Text (TMP);offset=2026380 | file=level4;kind=tmp_m_text;script=Unity.TextMeshPro:TMPro.TextMeshProUGUI;object_path_id=9574;gameobject=Text (TMP);offset=2026908 | file=level4;kind=tmp_m_text;script=Unity.TextMeshPro:TMPro.TextMeshProUGUI;object_path_id=9575;gameobject=Text (TMP);offset=2027436 | file=level4;kind=tmp_m_text;script=Unity.TextMeshPro:TMPro.TextMeshProUGUI;object_path_id=9577;gameobject=Text (TMP);offset=2028492 | file=level4;kind=tmp_m_text;script=Unity.TextMeshPro:TMPro.TextMeshProUGUI;object_path_id=9579;gameobject=Text (TMP);offset=2029660 | file=level4;kind=tmp_m_text;script=Unity.TextMeshPro:TMPro.TextMeshProUGUI;object_path_id=9583;gameobject=Text (TMP);offset=2031804 | file=level4;kind=tmp_m_text;script=Unity.TextMeshPro:TMPro.TextMeshProUGUI;object_path_id=9586;gameobject=Text (TMP);offset=2033436 | file=level4;kind=tmp_m_text;script=Unity.TextMeshPro:TMPro.TextMeshProUGUI;object_path_id=9587;gameobject=Text (TMP);offset=2033964 | file=level4;kind=tmp_m_text;script=Unity.TextMeshPro:TMPro.TextMeshProUGUI;object_path_id=9588;gameobject=Text (TMP);offset=2034492 | file=level4;kind=tmp_m_text;script=Unity.TextMeshPro:TMPro.TextMeshProUGUI;object_path_id=9592;gameobject=Text (TMP);offset=2036636 | file=level4;kind=tmp_m_text;script=Unity.TextMeshPro:TMPro.TextMeshProUGUI;object_path_id=9593;gameobject=Text (TMP);offset=2037164 | file=level4;kind=tmp_m_text;script=Unity.TextMeshPro:TMPro.TextMeshProUGUI;object_path_id=9602;gameobject=Text (TMP);offset=2042012 | file=level4;kind=tmp_m_text;script=Unity.TextMeshPro:TMPro.TextMeshProUGUI;object_path_id=9604;gameobject=Text (TMP);offset=2043084 | file=level4;kind=tmp_m_text;script=Unity.TextMeshPro:TMPro.TextMeshProUGUI;object_path_id=9609;gameobject=Text (TMP);offset=2045756	level4	tmp_m_text		пойти спать	approved	
Go To Sleep?	file=level3;kind=tmp_m_text;script=Unity.TextMeshPro:TMPro.TextMeshProUGUI;object_path_id=4339;gameobject=Text (TMP);offset=826348 | manual=screenshot_or_glossary	level3;manual	manual;tmp_m_text		Лечь спать?	approved	
Good Luck	file=level1;kind=tmp_m_text;script=Unity.TextMeshPro:TMPro.TextMeshProUGUI;object_path_id=1489;gameobject=Selected_Text;offset=172316	level1	tmp_m_text		Удачи	needs_review	Context-sensitive; verify in game.
Hands Full!	file=level2;kind=tmp_m_text;script=Unity.TextMeshPro:TMPro.TextMeshProUGUI;object_path_id=7130;gameobject=handfull_Text;offset=1111068	level2	tmp_m_text		Руки заняты!	approved	
Harpoon Gun	file=level3;kind=mono_string_candidate;script=Assembly-CSharp:CursorInfoMaker;object_path_id=4794;gameobject=hookgun;offset=922368 | file=level4;kind=mono_string_candidate;script=Assembly-CSharp:CursorInfoMaker;object_path_id=9838;gameobject=hookgun;offset=2092784	level3;level4	mono_string_candidate		Гарпун	approved	
Heal?	file=level3;kind=tmp_m_text;script=Unity.TextMeshPro:TMPro.TextMeshProUGUI;object_path_id=4294;gameobject=text_use;offset=802252	level3	tmp_m_text		Полечить?	approved	
Heavy Items	file=level1;kind=tmp_m_text;script=Unity.TextMeshPro:TMPro.TextMeshProUGUI;object_path_id=1490;gameobject=subtitle;offset=172844	level1	tmp_m_text		Тяжелые предметы	approved	
Herring	file=level3;kind=mono_string_candidate;script=Assembly-CSharp:FishingController;object_path_id=4729;gameobject=Task_Fishing;offset=911048	level3	mono_string_candidate		Сельдь	approved	
Hold 'Click' to Skip	file=level2;kind=tmp_m_text;script=Unity.TextMeshPro:TMPro.TextMeshProUGUI;object_path_id=7126;gameobject=clickToSkipText;offset=1108940	level2	tmp_m_text		Удерживайте кнопку мыши, чтобы пропустить	approved	
How to play?	file=level1;kind=tmp_m_text;script=Unity.TextMeshPro:TMPro.TextMeshProUGUI;object_path_id=1470;gameobject=txt;offset=162156 | manual=screenshot_or_glossary	level1;manual	manual;tmp_m_text		Как играть?	approved	
How to Play?	file=level1;kind=tmp_m_text;script=Unity.TextMeshPro:TMPro.TextMeshProUGUI;object_path_id=1473;gameobject=title_howtplay;offset=163740 | file=level1;kind=tmp_m_text;script=Unity.TextMeshPro:TMPro.TextMeshProUGUI;object_path_id=1481;gameobject=title_howtplay;offset=168060 | file=level1;kind=tmp_m_text;script=Unity.TextMeshPro:TMPro.TextMeshProUGUI;object_path_id=1487;gameobject=title_howtplay;offset=171244 | file=level1;kind=tmp_m_text;script=Unity.TextMeshPro:TMPro.TextMeshProUGUI;object_path_id=1556;gameobject=title_howtplay;offset=208924 | manual=screenshot_or_glossary	level1;manual	manual;tmp_m_text		Как играть?	approved	
Hungry	file=level3;kind=tmp_m_text;script=Unity.TextMeshPro:TMPro.TextMeshProUGUI;object_path_id=4349;gameobject=Text (TMP);offset=831644	level3	tmp_m_text		Голод	approved	
I am fully rested!	file=level3;kind=tmp_m_text;script=Unity.TextMeshPro:TMPro.TextMeshProUGUI;object_path_id=4295;gameobject=mood_info;offset=802780	level3	tmp_m_text		Я полностью отдохнул!	approved	
I cannot sleep.	file=level4;kind=tmp_m_text;script=Unity.TextMeshPro:TMPro.TextMeshProUGUI;object_path_id=9576;gameobject=FriendText;offset=2027964	level4	tmp_m_text		Я не могу уснуть.	approved	
I don't feel very well...	file=level4;kind=tmp_m_text;script=Unity.TextMeshPro:TMPro.TextMeshProUGUI;object_path_id=9598;gameobject=FriendText;offset=2039868	level4	tmp_m_text		Мне нехорошо...	approved	
I feel healthy!	file=level3;kind=tmp_m_text;script=Unity.TextMeshPro:TMPro.TextMeshProUGUI;object_path_id=4354;gameobject=mood_info;offset=834572	level3	tmp_m_text		Я чувствую себя здоровым!	approved	
I have no helping hands...	file=level3;kind=tmp_m_text;script=Unity.TextMeshPro:TMPro.TextMeshProUGUI;object_path_id=4365;gameobject=friendcannot_txt;offset=840444	level3	tmp_m_text		Мне некому помочь...	approved	
I tried to bring some stuff with myself, too, but this is all I could get, look.	file=level3;kind=tmp_m_text;script=Unity.TextMeshPro:TMPro.TextMeshProUGUI;object_path_id=4358;gameobject=DialogText;offset=836684	level3	tmp_m_text		Я тоже пытался взять с собой кое-что, но смог добыть только это, смотри.	approved	
I understand!	file=level1;kind=tmp_m_text;script=Unity.TextMeshPro:TMPro.TextMeshProUGUI;object_path_id=1524;gameobject=txt;offset=191580	level1	tmp_m_text		Понятно!	approved	
I'm full!	file=level3;kind=tmp_m_text;script=Unity.TextMeshPro:TMPro.TextMeshProUGUI;object_path_id=4364;gameobject=mood_info;offset=839916	level3	tmp_m_text		Я сыт!	approved	
If your night does get interrupted, use an item you brought to handle the situation. If you have no answer, you can try going back to sleep. Sometimes, that’s your only option.	file=level1;kind=tmp_m_text;script=Unity.TextMeshPro:TMPro.TextMeshProUGUI;object_path_id=1510;gameobject=howtoplay_txt;offset=183756	level1	tmp_m_text		Если ночью вас что-то прервет, используйте взятый предмет, чтобы справиться с ситуацией. Если выхода нет, можно попробовать снова уснуть. Иногда это единственный вариант.	approved	
Instant Clicking	file=level1;kind=tmp_m_text;script=Unity.TextMeshPro:TMPro.TextMeshProUGUI;object_path_id=1602;gameobject=SettingName;offset=233932 | file=level2;kind=tmp_m_text;script=Unity.TextMeshPro:TMPro.TextMeshProUGUI;object_path_id=7160;gameobject=SettingName;offset=1127436 | file=level3;kind=tmp_m_text;script=Unity.TextMeshPro:TMPro.TextMeshProUGUI;object_path_id=4397;gameobject=SettingName;offset=857884 | file=level4;kind=tmp_m_text;script=Unity.TextMeshPro:TMPro.TextMeshProUGUI;object_path_id=9639;gameobject=SettingName;offset=2062140 | file=level5;kind=tmp_m_text;script=Unity.TextMeshPro:TMPro.TextMeshProUGUI;object_path_id=1755;gameobject=SettingName;offset=293484 | manual=screenshot_or_glossary	level1;level2;level3;level4;level5;manual	manual;tmp_m_text		Мгновенный клик	approved	
Instant Death	file=level1;kind=tmp_m_text;script=Unity.TextMeshPro:TMPro.TextMeshProUGUI;object_path_id=1499;gameobject=subtitle;offset=177916	level1	tmp_m_text		Мгновенная смерть	approved	
It was a peaceful night...	file=level4;kind=tmp_m_text;script=Unity.TextMeshPro:TMPro.TextMeshProUGUI;object_path_id=9610;gameobject=Text (TMP);offset=2046284	level4	tmp_m_text		Ночь прошла спокойно...	approved	
It's somewhat faded.	file=level3;kind=mono_string_candidate;script=Assembly-CSharp:FishingController;object_path_id=4729;gameobject=Task_Fishing;offset=910376	level3	mono_string_candidate		Немного выцвело.	approved	
Items Broken	file=level3;kind=tmp_m_text;script=Unity.TextMeshPro:TMPro.TextMeshProUGUI;object_path_id=4303;gameobject=Title;offset=807068	level3	tmp_m_text		Сломано предметов	approved	
Items Found	file=level3;kind=tmp_m_text;script=Unity.TextMeshPro:TMPro.TextMeshProUGUI;object_path_id=4351;gameobject=Title;offset=832716	level3	tmp_m_text		Найдено предметов	approved	
Items Lost	file=level3;kind=tmp_m_text;script=Unity.TextMeshPro:TMPro.TextMeshProUGUI;object_path_id=4329;gameobject=Title;offset=820988	level3	tmp_m_text		Потеряно предметов	approved	
Items Used: <size=75><color=#adf1ff>9	file=level5;kind=tmp_m_text;script=Unity.TextMeshPro:TMPro.TextMeshProUGUI;object_path_id=1725;gameobject=5;offset=277084	level5	tmp_m_text		Предметов использовано: <size=75><color=#adf1ff>9	approved	
Journal	manual=screenshot_or_glossary	manual	manual		Журнал	approved	
Keep empty for random seed...	file=level1;kind=tmp_m_text;script=Unity.TextMeshPro:TMPro.TextMeshProUGUI;object_path_id=1509;gameobject=Placeholder;offset=183212	level1	tmp_m_text		Оставьте пустым для случайного сида...	approved	
Keep new resolution?	file=level1;kind=tmp_m_text;script=Unity.TextMeshPro:TMPro.TextMeshProUGUI;object_path_id=1575;gameobject=keep_res_title;offset=219180 | file=level2;kind=tmp_m_text;script=Unity.TextMeshPro:TMPro.TextMeshProUGUI;object_path_id=7133;gameobject=keep_res_title;offset=1112652 | file=level3;kind=tmp_m_text;script=Unity.TextMeshPro:TMPro.TextMeshProUGUI;object_path_id=4370;gameobject=keep_res_title;offset=843100 | file=level4;kind=tmp_m_text;script=Unity.TextMeshPro:TMPro.TextMeshProUGUI;object_path_id=9612;gameobject=keep_res_title;offset=2047356 | file=level5;kind=tmp_m_text;script=Unity.TextMeshPro:TMPro.TextMeshProUGUI;object_path_id=1728;gameobject=keep_res_title;offset=278700	level1;level2;level3;level4;level5	tmp_m_text		Сохранить новое разрешение?	approved	
Kidnapped	file=level1;kind=tmp_m_text;script=Unity.TextMeshPro:TMPro.TextMeshProUGUI;object_path_id=1516;gameobject=Title;offset=187100	level1	tmp_m_text		Похищение	needs_review	Context-sensitive; verify in game.
Let Frederik handle it!	file=level3;kind=tmp_m_text;script=Unity.TextMeshPro:TMPro.TextMeshProUGUI;object_path_id=4332;gameobject=friend_txt;offset=822572	level3	tmp_m_text		Пусть Фредерик разберется!	approved	
Light Items	file=level1;kind=tmp_m_text;script=Unity.TextMeshPro:TMPro.TextMeshProUGUI;object_path_id=1480;gameobject=subtitle;offset=167532	level1	tmp_m_text		Легкие предметы	approved	
Load Game	file=level1;kind=tmp_m_text;script=Unity.TextMeshPro:TMPro.TextMeshProUGUI;object_path_id=1502;gameobject=txt;offset=179500	level1	tmp_m_text		Загрузить игру	approved	
Locked - Play 'Adventure' first!	file=level1;kind=tmp_m_text;script=Unity.TextMeshPro:TMPro.TextMeshProUGUI;object_path_id=1488;gameobject=newgame_title;offset=171772 | manual=screenshot_or_glossary	level1;manual	manual;tmp_m_text		Закрыто — сначала сыграйте в «Приключение»!	approved	
Lonely	file=level3;kind=tmp_m_text;script=Unity.TextMeshPro:TMPro.TextMeshProUGUI;object_path_id=4307;gameobject=Text (TMP);offset=809196	level3	tmp_m_text		Одиноко	approved	
Looks reparable!	file=level3;kind=mono_string_candidate;script=Assembly-CSharp:FishingController;object_path_id=4729;gameobject=Task_Fishing;offset=909476 | file=level3;kind=mono_string_candidate;script=Assembly-CSharp:FishingController;object_path_id=4729;gameobject=Task_Fishing;offset=909640	level3	mono_string_candidate		Похоже, можно починить!	approved	
Looks tasty!	file=level3;kind=mono_string_candidate;script=Assembly-CSharp:FishingController;object_path_id=4729;gameobject=Task_Fishing;offset=909800	level3	mono_string_candidate		Выглядит вкусно!	approved	
Lore	file=level1;kind=tmp_m_text;script=Unity.TextMeshPro:TMPro.TextMeshProUGUI;object_path_id=1537;gameobject=Text (TMP);offset=198540	level1	tmp_m_text		История	approved	
Mackerel	file=level3;kind=mono_string_candidate;script=Assembly-CSharp:FishingController;object_path_id=4729;gameobject=Task_Fishing;offset=911284	level3	mono_string_candidate		Скумбрия	approved	
Map	file=level3;kind=mono_string_candidate;script=Assembly-CSharp:CursorInfoMaker;object_path_id=4847;gameobject=map;offset=929088 | file=level4;kind=mono_string_candidate;script=Assembly-CSharp:CursorInfoMaker;object_path_id=9674;gameobject=map;offset=2072240	level3;level4	mono_string_candidate		Карта	approved	
Mouse Sensitivity	file=level1;kind=tmp_m_text;script=Unity.TextMeshPro:TMPro.TextMeshProUGUI;object_path_id=1586;gameobject=SettingName;offset=225404 | file=level2;kind=tmp_m_text;script=Unity.TextMeshPro:TMPro.TextMeshProUGUI;object_path_id=7161;gameobject=SettingName;offset=1127964 | file=level3;kind=tmp_m_text;script=Unity.TextMeshPro:TMPro.TextMeshProUGUI;object_path_id=4398;gameobject=SettingName;offset=858412 | file=level4;kind=tmp_m_text;script=Unity.TextMeshPro:TMPro.TextMeshProUGUI;object_path_id=9640;gameobject=SettingName;offset=2062668 | file=level5;kind=tmp_m_text;script=Unity.TextMeshPro:TMPro.TextMeshProUGUI;object_path_id=1756;gameobject=SettingName;offset=294012 | manual=screenshot_or_glossary	level1;level2;level3;level4;level5;manual	manual;tmp_m_text		Чувствительность мыши	approved	
Nails Left: 4	file=level3;kind=tmp_m_text;script=Unity.TextMeshPro:TMPro.TextMeshProUGUI;object_path_id=4338;gameobject=NoticeText;offset=825820	level3	tmp_m_text		Гвоздей осталось: 4	approved	
Needs Bait	file=level3;kind=mono_string_candidate;script=Assembly-CSharp:CursorInfoMaker;object_path_id=4570;gameobject=doTask_fishing;offset=886596	level3	mono_string_candidate		Нужна наживка	approved	
New Entry!	file=level3;kind=tmp_m_text;script=Unity.TextMeshPro:TMPro.TextMeshProUGUI;object_path_id=4327;gameobject=new_entry;offset=819932	level3	tmp_m_text		Новая запись!	approved	
New Game	file=level1;kind=tmp_m_text;script=Unity.TextMeshPro:TMPro.TextMeshProUGUI;object_path_id=1485;gameobject=txt;offset=170188	level1	tmp_m_text		Новая игра	approved	
Newspaper...?	file=level3;kind=mono_string_candidate;script=Assembly-CSharp:FishingController;object_path_id=4729;gameobject=Task_Fishing;offset=910188	level3	mono_string_candidate		Газета...?	approved	
Next	file=level1;kind=tmp_m_text;script=Unity.TextMeshPro:TMPro.TextMeshProUGUI;object_path_id=1484;gameobject=txt;offset=169660 | file=level1;kind=tmp_m_text;script=Unity.TextMeshPro:TMPro.TextMeshProUGUI;object_path_id=1495;gameobject=Text (TMP);offset=175724 | file=level1;kind=tmp_m_text;script=Unity.TextMeshPro:TMPro.TextMeshProUGUI;object_path_id=1525;gameobject=txt;offset=192108 | file=level1;kind=tmp_m_text;script=Unity.TextMeshPro:TMPro.TextMeshProUGUI;object_path_id=1558;gameobject=txt;offset=209980 | file=level1;kind=tmp_m_text;script=Unity.TextMeshPro:TMPro.TextMeshProUGUI;object_path_id=1560;gameobject=txt;offset=211052	level1	tmp_m_text		Далее	approved	
night events:	file=level4;kind=tmp_m_text;script=Unity.TextMeshPro:TMPro.TextMeshProUGUI;object_path_id=9605;gameobject=text;offset=2043612	level4	tmp_m_text		ночные события:	approved	
No	file=level1;kind=tmp_m_text;script=Unity.TextMeshPro:TMPro.TextMeshProUGUI;object_path_id=1604;gameobject=button_txt;offset=234988 | file=level2;kind=tmp_m_text;script=Unity.TextMeshPro:TMPro.TextMeshProUGUI;object_path_id=7158;gameobject=button_txt;offset=1126380 | file=level3;kind=tmp_m_text;script=Unity.TextMeshPro:TMPro.TextMeshProUGUI;object_path_id=4340;gameobject=Text (TMP);offset=826876 | file=level3;kind=tmp_m_text;script=Unity.TextMeshPro:TMPro.TextMeshProUGUI;object_path_id=4395;gameobject=button_txt;offset=856828 | file=level4;kind=tmp_m_text;script=Unity.TextMeshPro:TMPro.TextMeshProUGUI;object_path_id=9600;gameobject=Text (TMP);offset=2040940 | file=level4;kind=tmp_m_text;script=Unity.TextMeshPro:TMPro.TextMeshProUGUI;object_path_id=9637;gameobject=button_txt;offset=2061084 | file=level5;kind=tmp_m_text;script=Unity.TextMeshPro:TMPro.TextMeshProUGUI;object_path_id=1753;gameobject=button_txt;offset=292428	level1;level2;level3;level4;level5	tmp_m_text		Нет	approved	
No Harm	file=level1;kind=tmp_m_text;script=Unity.TextMeshPro:TMPro.TextMeshProUGUI;object_path_id=1471;gameobject=subtitle;offset=162684	level1	tmp_m_text		Без урона	needs_review	Context-sensitive; verify in game.
No Hunger	file=level1;kind=tmp_m_text;script=Unity.TextMeshPro:TMPro.TextMeshProUGUI;object_path_id=1544;gameobject=subtitle;offset=202252	level1	tmp_m_text		Без голода	approved	
No New Entry	file=level3;kind=tmp_m_text;script=Unity.TextMeshPro:TMPro.TextMeshProUGUI;object_path_id=4345;gameobject=no_new_entry;offset=829532	level3	tmp_m_text		Нет новой записи	approved	
Not enough energy...	file=level3;kind=tmp_m_text;script=Unity.TextMeshPro:TMPro.TextMeshProUGUI;object_path_id=4350;gameobject=myselfcannot_txt;offset=832172	level3	tmp_m_text		Недостаточно энергии...	approved	
OK	file=level1;kind=tmp_m_text;script=Unity.TextMeshPro:TMPro.TextMeshProUGUI;object_path_id=1563;gameobject=Text (TMP);offset=212668	level1	tmp_m_text		ОК	approved	
Open Chest	file=level3;kind=mono_string_candidate;script=Assembly-CSharp:CursorInfoMaker;object_path_id=4428;gameobject=LootBoxChest;offset=866832	level3	mono_string_candidate		Открыть сундук	approved	
Open Journal?	file=level3;kind=tmp_m_text;script=Unity.TextMeshPro:TMPro.TextMeshProUGUI;object_path_id=4356;gameobject=openjournal;offset=835628	level3	tmp_m_text		Открыть журнал?	approved	
Paid back your debts.	file=level1;kind=tmp_m_text;script=Unity.TextMeshPro:TMPro.TextMeshProUGUI;object_path_id=1494;gameobject=Desc;offset=175180	level1	tmp_m_text		Вы выплатили долги.	approved	
Paused	file=level1;kind=tmp_m_text;script=Unity.TextMeshPro:TMPro.TextMeshProUGUI;object_path_id=1585;gameobject=PausedTitle;offset=224876 | file=level2;kind=tmp_m_text;script=Unity.TextMeshPro:TMPro.TextMeshProUGUI;object_path_id=7162;gameobject=PausedTitle;offset=1128508 | file=level3;kind=tmp_m_text;script=Unity.TextMeshPro:TMPro.TextMeshProUGUI;object_path_id=4399;gameobject=PausedTitle;offset=858956 | file=level4;kind=tmp_m_text;script=Unity.TextMeshPro:TMPro.TextMeshProUGUI;object_path_id=9641;gameobject=PausedTitle;offset=2063212 | file=level5;kind=tmp_m_text;script=Unity.TextMeshPro:TMPro.TextMeshProUGUI;object_path_id=1757;gameobject=PausedTitle;offset=294556	level1;level2;level3;level4;level5	tmp_m_text		Пауза	approved	
Pick Up	file=level2;kind=tmp_m_text;script=Unity.TextMeshPro:TMPro.TextMeshProUGUI;object_path_id=7124;gameobject=ItemName;offset=1107884	level2	tmp_m_text		Взять	approved	
Plastic Bottle	file=level3;kind=mono_string_candidate;script=Assembly-CSharp:FishingController;object_path_id=4729;gameobject=Task_Fishing;offset=908896	level3	mono_string_candidate		Пластиковая бутылка	approved	
Play	file=level1;kind=tmp_m_text;script=Unity.TextMeshPro:TMPro.TextMeshProUGUI;object_path_id=1518;gameobject=txt;offset=188156 | manual=screenshot_or_glossary	level1;manual	manual;tmp_m_text		Играть	approved	
Prepare Bait	file=level3;kind=tmp_m_text;script=Unity.TextMeshPro:TMPro.TextMeshProUGUI;object_path_id=4343;gameobject=SpecialityText;offset=828460	level3	tmp_m_text		Подготовить наживку	approved	
Previous	file=level1;kind=tmp_m_text;script=Unity.TextMeshPro:TMPro.TextMeshProUGUI;object_path_id=1469;gameobject=txt;offset=161628 | file=level1;kind=tmp_m_text;script=Unity.TextMeshPro:TMPro.TextMeshProUGUI;object_path_id=1508;gameobject=txt;offset=182684 | file=level1;kind=tmp_m_text;script=Unity.TextMeshPro:TMPro.TextMeshProUGUI;object_path_id=1541;gameobject=txt;offset=200652 | file=level1;kind=tmp_m_text;script=Unity.TextMeshPro:TMPro.TextMeshProUGUI;object_path_id=1549;gameobject=txt;offset=205196 | file=level1;kind=tmp_m_text;script=Unity.TextMeshPro:TMPro.TextMeshProUGUI;object_path_id=1555;gameobject=Text (TMP);offset=208396	level1	tmp_m_text		Назад	approved	
Quit	file=level1;kind=tmp_m_text;script=Unity.TextMeshPro:TMPro.TextMeshProUGUI;object_path_id=1557;gameobject=txt;offset=209452 | file=level1;kind=tmp_m_text;script=Unity.TextMeshPro:TMPro.TextMeshProUGUI;object_path_id=1569;gameobject=txt;offset=215996 | file=level2;kind=tmp_m_text;script=Unity.TextMeshPro:TMPro.TextMeshProUGUI;object_path_id=7149;gameobject=txt;offset=1121596 | file=level3;kind=tmp_m_text;script=Unity.TextMeshPro:TMPro.TextMeshProUGUI;object_path_id=4386;gameobject=txt;offset=852044 | file=level4;kind=tmp_m_text;script=Unity.TextMeshPro:TMPro.TextMeshProUGUI;object_path_id=9628;gameobject=txt;offset=2056300 | file=level5;kind=tmp_m_text;script=Unity.TextMeshPro:TMPro.TextMeshProUGUI;object_path_id=1744;gameobject=txt;offset=287644 | manual=screenshot_or_glossary	level1;level2;level3;level4;level5;manual	manual;tmp_m_text		Выйти	approved	
Red Snapper	file=level3;kind=mono_string_candidate;script=Assembly-CSharp:FishingController;object_path_id=4729;gameobject=Task_Fishing;offset=911164	level3	mono_string_candidate		Красный луциан	approved	
Repair Boat	file=level3;kind=mono_string_candidate;script=Assembly-CSharp:CursorInfoMaker;object_path_id=4666;gameobject=doTask_repair;offset=899344	level3	mono_string_candidate		Починить шлюпку	approved	
Rescued by air.	file=level1;kind=tmp_m_text;script=Unity.TextMeshPro:TMPro.TextMeshProUGUI;object_path_id=1501;gameobject=Desc;offset=178972	level1	tmp_m_text		Вас спасли с воздуха.	approved	
RESET	file=level1;kind=tmp_m_text;script=Unity.TextMeshPro:TMPro.TextMeshProUGUI;object_path_id=1500;gameobject=Text (TMP);offset=178444	level1	tmp_m_text		СБРОС	approved	
Restore Default Settings	file=level1;kind=tmp_m_text;script=Unity.TextMeshPro:TMPro.TextMeshProUGUI;object_path_id=1593;gameobject=SettingName;offset=229132 | file=level2;kind=tmp_m_text;script=Unity.TextMeshPro:TMPro.TextMeshProUGUI;object_path_id=7165;gameobject=SettingName;offset=1130124 | file=level3;kind=tmp_m_text;script=Unity.TextMeshPro:TMPro.TextMeshProUGUI;object_path_id=4402;gameobject=SettingName;offset=860572 | file=level4;kind=tmp_m_text;script=Unity.TextMeshPro:TMPro.TextMeshProUGUI;object_path_id=9644;gameobject=SettingName;offset=2064828 | file=level5;kind=tmp_m_text;script=Unity.TextMeshPro:TMPro.TextMeshProUGUI;object_path_id=1760;gameobject=SettingName;offset=296172 | manual=screenshot_or_glossary	level1;level2;level3;level4;level5;manual	manual;tmp_m_text		Сбросить настройки	approved	
Resume	file=level1;kind=tmp_m_text;script=Unity.TextMeshPro:TMPro.TextMeshProUGUI;object_path_id=1598;gameobject=txt;offset=231820 | file=level2;kind=tmp_m_text;script=Unity.TextMeshPro:TMPro.TextMeshProUGUI;object_path_id=7153;gameobject=txt;offset=1123708 | file=level3;kind=tmp_m_text;script=Unity.TextMeshPro:TMPro.TextMeshProUGUI;object_path_id=4390;gameobject=txt;offset=854156 | file=level4;kind=tmp_m_text;script=Unity.TextMeshPro:TMPro.TextMeshProUGUI;object_path_id=9632;gameobject=txt;offset=2058412 | file=level5;kind=tmp_m_text;script=Unity.TextMeshPro:TMPro.TextMeshProUGUI;object_path_id=1748;gameobject=txt;offset=289756 | manual=screenshot_or_glossary	level1;level2;level3;level4;level5;manual	manual;tmp_m_text		Продолжить	approved	
Reverts automatically in: 10	file=level1;kind=tmp_m_text;script=Unity.TextMeshPro:TMPro.TextMeshProUGUI;object_path_id=1570;gameobject=reset_counter;offset=216524 | file=level2;kind=tmp_m_text;script=Unity.TextMeshPro:TMPro.TextMeshProUGUI;object_path_id=7138;gameobject=reset_counter;offset=1115324 | file=level3;kind=tmp_m_text;script=Unity.TextMeshPro:TMPro.TextMeshProUGUI;object_path_id=4375;gameobject=reset_counter;offset=845772 | file=level4;kind=tmp_m_text;script=Unity.TextMeshPro:TMPro.TextMeshProUGUI;object_path_id=9617;gameobject=reset_counter;offset=2050028 | file=level5;kind=tmp_m_text;script=Unity.TextMeshPro:TMPro.TextMeshProUGUI;object_path_id=1733;gameobject=reset_counter;offset=281372	level1;level2;level3;level4;level5	tmp_m_text		Автооткат через: 10	approved	
Run	file=level1;kind=tmp_m_text;script=Unity.TextMeshPro:TMPro.TextMeshProUGUI;object_path_id=1603;gameobject=Text (TMP);offset=234460 | file=level2;kind=tmp_m_text;script=Unity.TextMeshPro:TMPro.TextMeshProUGUI;object_path_id=7157;gameobject=Text (TMP);offset=1125852 | file=level3;kind=tmp_m_text;script=Unity.TextMeshPro:TMPro.TextMeshProUGUI;object_path_id=4394;gameobject=Text (TMP);offset=856300 | file=level4;kind=tmp_m_text;script=Unity.TextMeshPro:TMPro.TextMeshProUGUI;object_path_id=9636;gameobject=Text (TMP);offset=2060556 | file=level5;kind=tmp_m_text;script=Unity.TextMeshPro:TMPro.TextMeshProUGUI;object_path_id=1752;gameobject=Text (TMP);offset=291900	level1;level2;level3;level4;level5	tmp_m_text		Бег	approved	
"Runs: 4
Record: 13 Days"	file=level1;kind=tmp_m_text;script=Unity.TextMeshPro:TMPro.TextMeshProUGUI;object_path_id=1551;gameobject=runs_text;offset=206252	level1	tmp_m_text		"Забеги: 4
Рекорд: 13 дней"	approved	
Salmon	file=level3;kind=mono_string_candidate;script=Assembly-CSharp:FishingController;object_path_id=4729;gameobject=Task_Fishing;offset=908196	level3	mono_string_candidate		Лосось	approved	
Sardine	file=level3;kind=mono_string_candidate;script=Assembly-CSharp:FishingController;object_path_id=4729;gameobject=Task_Fishing;offset=910828	level3	mono_string_candidate		Сардина	approved	
Screen Resolution	file=level1;kind=tmp_m_text;script=Unity.TextMeshPro:TMPro.TextMeshProUGUI;object_path_id=1597;gameobject=SettingName;offset=231276 | file=level2;kind=tmp_m_text;script=Unity.TextMeshPro:TMPro.TextMeshProUGUI;object_path_id=7154;gameobject=SettingName;offset=1124236 | file=level3;kind=tmp_m_text;script=Unity.TextMeshPro:TMPro.TextMeshProUGUI;object_path_id=4391;gameobject=SettingName;offset=854684 | file=level4;kind=tmp_m_text;script=Unity.TextMeshPro:TMPro.TextMeshProUGUI;object_path_id=9633;gameobject=SettingName;offset=2058940 | file=level5;kind=tmp_m_text;script=Unity.TextMeshPro:TMPro.TextMeshProUGUI;object_path_id=1749;gameobject=SettingName;offset=290284 | manual=screenshot_or_glossary	level1;level2;level3;level4;level5;manual	manual;tmp_m_text		Разрешение экрана	approved	
Scuba Set	file=level4;kind=mono_string_candidate;script=Assembly-CSharp:CursorInfoMaker;object_path_id=10020;gameobject=scuba_set;offset=2114912	level4	mono_string_candidate		Акваланг	approved	
Scuba set was damaged in the process.	file=level3;kind=tmp_m_text;script=Unity.TextMeshPro:TMPro.TextMeshProUGUI;object_path_id=4318;gameobject=ItemText;offset=815084	level3	tmp_m_text		В процессе был поврежден акваланг.	approved	
Sea Search	file=level3;kind=mono_string_candidate;script=Assembly-CSharp:CursorInfoMaker;object_path_id=4653;gameobject=scuba_set;offset=897536	level3	mono_string_candidate		Поиск в море	approved	
Seagull	file=level3;kind=mono_string_candidate;script=Assembly-CSharp:CursorInfoMaker;object_path_id=4631;gameobject=seagull;offset=893024 | file=level3;kind=mono_string_candidate;script=Assembly-CSharp:CursorInfoMaker;object_path_id=4670;gameobject=seagull 2;offset=899776 | file=level3;kind=mono_string_candidate;script=Assembly-CSharp:CursorInfoMaker;object_path_id=4742;gameobject=seagull 3;offset=916048	level3	mono_string_candidate		Чайка	approved	
Seagulls!!	file=level1;kind=tmp_m_text;script=Unity.TextMeshPro:TMPro.TextMeshProUGUI;object_path_id=1476;gameobject=Desc;offset=165340	level1	tmp_m_text		Чайки!!	approved	
Seagulls?	file=level1;kind=tmp_m_text;script=Unity.TextMeshPro:TMPro.TextMeshProUGUI;object_path_id=1505;gameobject=Title;offset=181084	level1	tmp_m_text		Чайки?	approved	
Search Results	file=level3;kind=tmp_m_text;script=Unity.TextMeshPro:TMPro.TextMeshProUGUI;object_path_id=4359;gameobject=Title;offset=837276	level3	tmp_m_text		Результаты поиска	approved	
Searching...	file=level3;kind=tmp_m_text;script=Unity.TextMeshPro:TMPro.TextMeshProUGUI;object_path_id=4362;gameobject=Text (TMP);offset=838860	level3	tmp_m_text		Идет поиск...	approved	
Seaweed	file=level3;kind=mono_string_candidate;script=Assembly-CSharp:FishingController;object_path_id=4729;gameobject=Task_Fishing;offset=908636	level3	mono_string_candidate		Водоросли	approved	
seed: 212832382	file=level1;kind=tmp_m_text;script=Unity.TextMeshPro:TMPro.TextMeshProUGUI;object_path_id=1591;gameobject=save_tip;offset=228076 | file=level2;kind=tmp_m_text;script=Unity.TextMeshPro:TMPro.TextMeshProUGUI;object_path_id=7168;gameobject=save_tip;offset=1131724 | file=level3;kind=tmp_m_text;script=Unity.TextMeshPro:TMPro.TextMeshProUGUI;object_path_id=4405;gameobject=save_tip;offset=862172 | file=level4;kind=tmp_m_text;script=Unity.TextMeshPro:TMPro.TextMeshProUGUI;object_path_id=9647;gameobject=save_tip;offset=2066428 | file=level5;kind=tmp_m_text;script=Unity.TextMeshPro:TMPro.TextMeshProUGUI;object_path_id=1763;gameobject=save_tip;offset=297772	level1;level2;level3;level4;level5	tmp_m_text		сид: 212832382	approved	
Seems useable!	file=level3;kind=mono_string_candidate;script=Assembly-CSharp:FishingController;object_path_id=4729;gameobject=Task_Fishing;offset=909340	level3	mono_string_candidate		Похоже, можно использовать!	approved	
SELECT DIFFICULTY	file=level1;kind=tmp_m_text;script=Unity.TextMeshPro:TMPro.TextMeshProUGUI;object_path_id=1562;gameobject=newgame_title;offset=212124 | manual=screenshot_or_glossary	level1;manual	manual;tmp_m_text		ВЫБОР СЛОЖНОСТИ	approved	
Select Difficulty	manual=screenshot_or_glossary	manual	manual		Выбор сложности	approved	
Select?	file=level1;kind=tmp_m_text;script=Unity.TextMeshPro:TMPro.TextMeshProUGUI;object_path_id=1517;gameobject=Selected_Text;offset=187628 | file=level1;kind=tmp_m_text;script=Unity.TextMeshPro:TMPro.TextMeshProUGUI;object_path_id=1530;gameobject=Selected_Text;offset=194780 | file=level1;kind=tmp_m_text;script=Unity.TextMeshPro:TMPro.TextMeshProUGUI;object_path_id=1550;gameobject=Selected_Text;offset=205724	level1	tmp_m_text		Выбрать?	approved	
SELECTED	file=level1;kind=tmp_m_text;script=Unity.TextMeshPro:TMPro.TextMeshProUGUI;object_path_id=1511;gameobject=Selected_Text;offset=184460 | file=level1;kind=tmp_m_text;script=Unity.TextMeshPro:TMPro.TextMeshProUGUI;object_path_id=1513;gameobject=Selected_Text;offset=185516 | manual=screenshot_or_glossary	level1;manual	manual;tmp_m_text		ВЫБРАНО	approved	
Selected	manual=screenshot_or_glossary	manual	manual		Выбрано	approved	
Send	file=level3;kind=tmp_m_text;script=Unity.TextMeshPro:TMPro.TextMeshProUGUI;object_path_id=4368;gameobject=Text (TMP);offset=842044	level3	tmp_m_text		Отправить	approved	
Settings	file=level1;kind=tmp_m_text;script=Unity.TextMeshPro:TMPro.TextMeshProUGUI;object_path_id=1535;gameobject=txt;offset=197500 | file=level1;kind=tmp_m_text;script=Unity.TextMeshPro:TMPro.TextMeshProUGUI;object_path_id=1577;gameobject=txt;offset=220268 | file=level1;kind=tmp_m_text;script=Unity.TextMeshPro:TMPro.TextMeshProUGUI;object_path_id=1605;gameobject=settings_subtitle;offset=235516 | file=level2;kind=tmp_m_text;script=Unity.TextMeshPro:TMPro.TextMeshProUGUI;object_path_id=7144;gameobject=txt;offset=1118860 | file=level2;kind=tmp_m_text;script=Unity.TextMeshPro:TMPro.TextMeshProUGUI;object_path_id=7156;gameobject=settings_subtitle;offset=1125324 | file=level3;kind=tmp_m_text;script=Unity.TextMeshPro:TMPro.TextMeshProUGUI;object_path_id=4381;gameobject=txt;offset=849308 | file=level3;kind=tmp_m_text;script=Unity.TextMeshPro:TMPro.TextMeshProUGUI;object_path_id=4393;gameobject=settings_subtitle;offset=855772 | file=level4;kind=tmp_m_text;script=Unity.TextMeshPro:TMPro.TextMeshProUGUI;object_path_id=9623;gameobject=txt;offset=2053564 | file=level4;kind=tmp_m_text;script=Unity.TextMeshPro:TMPro.TextMeshProUGUI;object_path_id=9635;gameobject=settings_subtitle;offset=2060028 | file=level5;kind=tmp_m_text;script=Unity.TextMeshPro:TMPro.TextMeshProUGUI;object_path_id=1739;gameobject=txt;offset=284908 | file=level5;kind=tmp_m_text;script=Unity.TextMeshPro:TMPro.TextMeshProUGUI;object_path_id=1751;gameobject=settings_subtitle;offset=291372 | manual=screenshot_or_glossary	level1;level2;level3;level4;level5;manual	manual;tmp_m_text		Настройки	approved	
"Shipmates sunk with the ship.
Captain Whiskers may wander the sea alone."	file=level5;kind=tmp_m_text;script=Unity.TextMeshPro:TMPro.TextMeshProUGUI;object_path_id=1718;gameobject=friend_fate;offset=273132	level5	tmp_m_text		"Товарищи затонули вместе с кораблем.
Капитан Усатик может скитаться по морю в одиночестве."	approved	
Sick	file=level3;kind=tmp_m_text;script=Unity.TextMeshPro:TMPro.TextMeshProUGUI;object_path_id=4312;gameobject=Text (TMP);offset=811852	level3	tmp_m_text		Болен	approved	
Sleeping With The Fishes	file=level1;kind=tmp_m_text;script=Unity.TextMeshPro:TMPro.TextMeshProUGUI;object_path_id=1479;gameobject=Title;offset=166988 | file=level1;kind=tmp_m_text;script=Unity.TextMeshPro:TMPro.TextMeshProUGUI;object_path_id=1548;gameobject=Title;offset=204652 | file=level1;kind=tmp_m_text;script=Unity.TextMeshPro:TMPro.TextMeshProUGUI;object_path_id=1559;gameobject=Title;offset=210508	level1	tmp_m_text		Сон с рыбами	approved	
Sleeping with the Fishes	file=level5;kind=tmp_m_text;script=Unity.TextMeshPro:TMPro.TextMeshProUGUI;object_path_id=1717;gameobject=fate_text;offset=272588	level5	tmp_m_text		Сон с рыбами	approved	
Soaked but readable.	file=level3;kind=mono_string_candidate;script=Assembly-CSharp:FishingController;object_path_id=4729;gameobject=Task_Fishing;offset=910052	level3	mono_string_candidate		Промокло, но читается.	approved	
"Something broke during the night."	file=level3;kind=tmp_m_text;script=Unity.TextMeshPro:TMPro.TextMeshProUGUI;object_path_id=4325;gameobject=NoticeText;offset=818844	level3	tmp_m_text		"Что-то сломалось ночью."	approved	
Squid	file=level3;kind=mono_string_candidate;script=Assembly-CSharp:FishingController;object_path_id=4729;gameobject=Task_Fishing;offset=908524	level3	mono_string_candidate		Кальмар	approved	
Step 1: Grab and Run!	file=level1;kind=tmp_m_text;script=Unity.TextMeshPro:TMPro.TextMeshProUGUI;object_path_id=1521;gameobject=page_Title;offset=189948	level1	tmp_m_text		Шаг 1: хватайте и бегите!	approved	
Step 2: Survive!	file=level1;kind=tmp_m_text;script=Unity.TextMeshPro:TMPro.TextMeshProUGUI;object_path_id=1532;gameobject=page_Title;offset=195852	level1	tmp_m_text		Шаг 2: выживите!	approved	
Step 3: Make Choices!	file=level1;kind=tmp_m_text;script=Unity.TextMeshPro:TMPro.TextMeshProUGUI;object_path_id=1493;gameobject=page_Title;offset=174636	level1	tmp_m_text		Шаг 3: делайте выбор!	approved	
Still has a card.	file=level3;kind=mono_string_candidate;script=Assembly-CSharp:FishingController;object_path_id=4729;gameobject=Task_Fishing;offset=910536	level3	mono_string_candidate		Внутри еще есть карточка.	approved	
Super Energy	file=level1;kind=tmp_m_text;script=Unity.TextMeshPro:TMPro.TextMeshProUGUI;object_path_id=1519;gameobject=subtitle;offset=188684	level1	tmp_m_text		Суперэнергия	approved	
Survive the Sea	file=level1;kind=tmp_m_text;script=Unity.TextMeshPro:TMPro.TextMeshProUGUI;object_path_id=1474;gameobject=description;offset=164268 | manual=screenshot_or_glossary	level1;manual	manual;tmp_m_text		Выживите в море	approved	
Survived	file=level1;kind=tmp_m_text;script=Unity.TextMeshPro:TMPro.TextMeshProUGUI;object_path_id=1482;gameobject=Title;offset=168588 | file=level1;kind=tmp_m_text;script=Unity.TextMeshPro:TMPro.TextMeshProUGUI;object_path_id=1543;gameobject=Title;offset=201724 | file=level1;kind=tmp_m_text;script=Unity.TextMeshPro:TMPro.TextMeshProUGUI;object_path_id=1552;gameobject=Title;offset=206796	level1	tmp_m_text		Выжили	approved	
Swim Ring	file=level3;kind=mono_string_candidate;script=Assembly-CSharp:CursorInfoMaker;object_path_id=4480;gameobject=swimming_belt;offset=875968 | file=level4;kind=mono_string_candidate;script=Assembly-CSharp:CursorInfoMaker;object_path_id=9799;gameobject=swimming_belt;offset=2087136	level3;level4	mono_string_candidate		Спасательный круг	approved	
Swordfish	file=level3;kind=mono_string_candidate;script=Assembly-CSharp:FishingController;object_path_id=4729;gameobject=Task_Fishing;offset=911520	level3	mono_string_candidate		Рыба-меч	approved	
Taken aboard.	file=level1;kind=tmp_m_text;script=Unity.TextMeshPro:TMPro.TextMeshProUGUI;object_path_id=1527;gameobject=Desc;offset=193164	level1	tmp_m_text		Вас взяли на борт.	approved	
Talk	file=level3;kind=mono_string_candidate;script=Assembly-CSharp:CursorInfoMaker;object_path_id=4772;gameobject=doTask_friendTalk;offset=919072	level3	mono_string_candidate		Поговорить	approved	
Talk?	file=level3;kind=tmp_m_text;script=Unity.TextMeshPro:TMPro.TextMeshProUGUI;object_path_id=4320;gameobject=text_use;offset=816172	level3	tmp_m_text		Поговорить?	approved	
Telescope	file=level3;kind=mono_string_candidate;script=Assembly-CSharp:CursorInfoMaker;object_path_id=4487;gameobject=telescope;offset=876656 | file=level4;kind=mono_string_candidate;script=Assembly-CSharp:CursorInfoMaker;object_path_id=9742;gameobject=telescope;offset=2080592	level3;level4	mono_string_candidate		Подзорная труба	approved	
Thank you...	file=level4;kind=tmp_m_text;script=Unity.TextMeshPro:TMPro.TextMeshProUGUI;object_path_id=9580;gameobject=ThanksText;offset=2030188 | file=level4;kind=tmp_m_text;script=Unity.TextMeshPro:TMPro.TextMeshProUGUI;object_path_id=9597;gameobject=ThanksText;offset=2039340	level4	tmp_m_text		Спасибо...	approved	
That did not help...	file=level4;kind=tmp_m_text;script=Unity.TextMeshPro:TMPro.TextMeshProUGUI;object_path_id=9582;gameobject=NoThanksText;offset=2031260 | file=level4;kind=tmp_m_text;script=Unity.TextMeshPro:TMPro.TextMeshProUGUI;object_path_id=9591;gameobject=NoThanksText;offset=2036092	level4	tmp_m_text		Это не помогло...	approved	
"The debt has been paid.
You are free."	file=level4;kind=tmp_m_text;script=Unity.TextMeshPro:TMPro.TextMeshProUGUI;object_path_id=9594;gameobject=Text (TMP);offset=2037692	level4	tmp_m_text		"Долг выплачен.
Вы свободны."	approved	
The Game is saved automatically every morning.	file=level1;kind=tmp_m_text;script=Unity.TextMeshPro:TMPro.TextMeshProUGUI;object_path_id=1584;gameobject=save_tip;offset=224316 | file=level2;kind=tmp_m_text;script=Unity.TextMeshPro:TMPro.TextMeshProUGUI;object_path_id=7163;gameobject=save_tip;offset=1129036 | file=level3;kind=tmp_m_text;script=Unity.TextMeshPro:TMPro.TextMeshProUGUI;object_path_id=4400;gameobject=save_tip;offset=859484 | file=level4;kind=tmp_m_text;script=Unity.TextMeshPro:TMPro.TextMeshProUGUI;object_path_id=9642;gameobject=save_tip;offset=2063740 | file=level5;kind=tmp_m_text;script=Unity.TextMeshPro:TMPro.TextMeshProUGUI;object_path_id=1758;gameobject=save_tip;offset=295084	level1;level2;level3;level4;level5	tmp_m_text		Игра автоматически сохраняется каждое утро.	approved	
The same choice may lead to different outcomes if you try it again in another playthrough!	file=level1;kind=tmp_m_text;script=Unity.TextMeshPro:TMPro.TextMeshProUGUI;object_path_id=1497;gameobject=extra_txt;offset=176780	level1	tmp_m_text		Один и тот же выбор может дать другой результат в новом прохождении!	approved	
Throw Items!	file=level2;kind=tmp_m_text;script=Unity.TextMeshPro:TMPro.TextMeshProUGUI;object_path_id=7131;gameobject=ItemName;offset=1111596	level2	tmp_m_text		Бросайте предметы!	approved	
Time is running out! Gather whatever you can and toss it into your lifeboat, before the ship sinks. Every item counts! Escape by staying near the boat at the end! However, it can only carry one more person besides you.	file=level1;kind=tmp_m_text;script=Unity.TextMeshPro:TMPro.TextMeshProUGUI;object_path_id=1491;gameobject=howtoplay_txt;offset=173372	level1	tmp_m_text		Время на исходе! Соберите все, что сможете, и бросайте в спасательную шлюпку, пока корабль не затонул. Важен каждый предмет! Чтобы спастись, в конце оставайтесь рядом со шлюпкой. Но кроме вас она выдержит только еще одного человека.	approved	
To the boat!	file=level2;kind=tmp_m_text;script=Unity.TextMeshPro:TMPro.TextMeshProUGUI;object_path_id=7128;gameobject=to_the_boat;offset=1110012	level2	tmp_m_text		К шлюпке!	approved	
"Today i fucked up by goin on a boat tour and it literally just sink onto the bottom of the fucking ocean.

I'm hungry."	file=level4;kind=tmp_m_text;script=Unity.TextMeshPro:TMPro.TextMeshProUGUI;object_path_id=9578;gameobject=StoryText;offset=2029020	level4	tmp_m_text		"Сегодня я облажался: отправился на морскую прогулку, а она буквально ушла на дно чертова океана.

Я голоден."	needs_review	Context-sensitive; verify in game.
Too Heavy!	file=level2;kind=tmp_m_text;script=Unity.TextMeshPro:TMPro.TextMeshProUGUI;object_path_id=7120;gameobject=tooheavy_text;offset=1105692	level2	tmp_m_text		Слишком тяжело!	approved	
Torn Fishing Net	file=level3;kind=mono_string_candidate;script=Assembly-CSharp:FishingController;object_path_id=4729;gameobject=Task_Fishing;offset=909612 | manual=screenshot_or_glossary	level3;manual	manual;mono_string_candidate		Рваная рыболовная сеть	approved	
Torn Fishnet	file=level3;kind=mono_string_candidate;script=Assembly-CSharp:CursorInfoMaker;object_path_id=4792;gameobject=net (broken);offset=922208 | file=level4;kind=mono_string_candidate;script=Assembly-CSharp:CursorInfoMaker;object_path_id=9848;gameobject=net (broken);offset=2094176 | manual=screenshot_or_glossary	level3;level4;manual	manual;mono_string_candidate		Рваная сеть	approved	
Torn Map	file=level3;kind=mono_string_candidate;script=Assembly-CSharp:CursorInfoMaker;object_path_id=4564;gameobject=map (broken);offset=885840 | file=level4;kind=mono_string_candidate;script=Assembly-CSharp:CursorInfoMaker;object_path_id=9940;gameobject=map (broken);offset=2104640	level3;level4	mono_string_candidate		Порванная карта	approved	
Torn Umbrella	file=level3;kind=mono_string_candidate;script=Assembly-CSharp:CursorInfoMaker;object_path_id=4663;gameobject=umbrella (broken);offset=898640 | file=level4;kind=mono_string_candidate;script=Assembly-CSharp:CursorInfoMaker;object_path_id=9968;gameobject=umbrella (broken);offset=2108000	level3;level4	mono_string_candidate		Порванный зонт	approved	
Touch Hand?	file=level4;kind=mono_string_candidate;script=Assembly-CSharp:CursorInfoMaker;object_path_id=10255;gameobject=fatehand;offset=2146384	level4	mono_string_candidate		Коснуться руки?	needs_review	Context-sensitive; verify in game.
True Ending	file=level1;kind=tmp_m_text;script=Unity.TextMeshPro:TMPro.TextMeshProUGUI;object_path_id=1526;gameobject=Title;offset=192636	level1	tmp_m_text		Истинная концовка	needs_review	Context-sensitive; verify in game.
Try diving for resources?	file=level3;kind=tmp_m_text;script=Unity.TextMeshPro:TMPro.TextMeshProUGUI;object_path_id=4316;gameobject=Title;offset=813996	level3	tmp_m_text		Нырнуть за ресурсами?	approved	
Try Fishing	file=level3;kind=mono_string_candidate;script=Assembly-CSharp:CursorInfoMaker;object_path_id=4570;gameobject=doTask_fishing;offset=886560	level3	mono_string_candidate		Попробовать рыбачить	approved	
Try to sleep back?	file=level4;kind=tmp_m_text;script=Unity.TextMeshPro:TMPro.TextMeshProUGUI;object_path_id=9590;gameobject=Text (TMP);offset=2035548	level4	tmp_m_text		Попробовать снова уснуть?	approved	
Tuna	file=level3;kind=mono_string_candidate;script=Assembly-CSharp:FishingController;object_path_id=4729;gameobject=Task_Fishing;offset=908308	level3	mono_string_candidate		Тунец	approved	
Umbrella	file=level3;kind=mono_string_candidate;script=Assembly-CSharp:CursorInfoMaker;object_path_id=4643;gameobject=umbrella;offset=894944 | file=level4;kind=mono_string_candidate;script=Assembly-CSharp:CursorInfoMaker;object_path_id=9774;gameobject=umbrella;offset=2084176	level3;level4	mono_string_candidate		Зонт	approved	
Use Custom Seed?	file=level1;kind=tmp_m_text;script=Unity.TextMeshPro:TMPro.TextMeshProUGUI;object_path_id=1506;gameobject=title_seed;offset=181612	level1	tmp_m_text		Использовать свой сид?	approved	
"Use the daytime to spend your energy on fishing, eating, doing small tasks, or chatting to your shipmate (if you brought one).
When you run out of energy, end the day and try to sleep hoping nothing disrupts your rest."	file=level1;kind=tmp_m_text;script=Unity.TextMeshPro:TMPro.TextMeshProUGUI;object_path_id=1520;gameobject=howtoplay_txt;offset=189212	level1	tmp_m_text		"Днем тратьте энергию на рыбалку, еду, мелкие дела или разговоры с попутчиком, если вы его взяли.
Когда энергия закончится, завершите день и попытайтесь поспать, надеясь, что ничто не нарушит отдых."	approved	
Useful for fishing!	file=level3;kind=mono_string_candidate;script=Assembly-CSharp:FishingController;object_path_id=4729;gameobject=Task_Fishing;offset=909196	level3	mono_string_candidate		Пригодится для рыбалки!	approved	
Volume Master	file=level1;kind=tmp_m_text;script=Unity.TextMeshPro:TMPro.TextMeshProUGUI;object_path_id=1587;gameobject=SettingName;offset=225948 | file=level2;kind=tmp_m_text;script=Unity.TextMeshPro:TMPro.TextMeshProUGUI;object_path_id=7169;gameobject=SettingName;offset=1132252 | file=level3;kind=tmp_m_text;script=Unity.TextMeshPro:TMPro.TextMeshProUGUI;object_path_id=4406;gameobject=SettingName;offset=862700 | file=level4;kind=tmp_m_text;script=Unity.TextMeshPro:TMPro.TextMeshProUGUI;object_path_id=9648;gameobject=SettingName;offset=2066956 | file=level5;kind=tmp_m_text;script=Unity.TextMeshPro:TMPro.TextMeshProUGUI;object_path_id=1764;gameobject=SettingName;offset=298300 | manual=screenshot_or_glossary	level1;level2;level3;level4;level5;manual	manual;tmp_m_text		Общая громкость	approved	
Volume Music	file=level1;kind=tmp_m_text;script=Unity.TextMeshPro:TMPro.TextMeshProUGUI;object_path_id=1582;gameobject=SettingName;offset=223260 | file=level2;kind=tmp_m_text;script=Unity.TextMeshPro:TMPro.TextMeshProUGUI;object_path_id=7139;gameobject=SettingName;offset=1115868 | file=level3;kind=tmp_m_text;script=Unity.TextMeshPro:TMPro.TextMeshProUGUI;object_path_id=4376;gameobject=SettingName;offset=846316 | file=level4;kind=tmp_m_text;script=Unity.TextMeshPro:TMPro.TextMeshProUGUI;object_path_id=9618;gameobject=SettingName;offset=2050572 | file=level5;kind=tmp_m_text;script=Unity.TextMeshPro:TMPro.TextMeshProUGUI;object_path_id=1734;gameobject=SettingName;offset=281916 | manual=screenshot_or_glossary	level1;level2;level3;level4;level5;manual	manual;tmp_m_text		Музыка	approved	
Volume SFX	file=level1;kind=tmp_m_text;script=Unity.TextMeshPro:TMPro.TextMeshProUGUI;object_path_id=1571;gameobject=SettingName;offset=217068 | file=level2;kind=tmp_m_text;script=Unity.TextMeshPro:TMPro.TextMeshProUGUI;object_path_id=7137;gameobject=SettingName;offset=1114796 | file=level3;kind=tmp_m_text;script=Unity.TextMeshPro:TMPro.TextMeshProUGUI;object_path_id=4374;gameobject=SettingName;offset=845244 | file=level4;kind=tmp_m_text;script=Unity.TextMeshPro:TMPro.TextMeshProUGUI;object_path_id=9616;gameobject=SettingName;offset=2049500 | file=level5;kind=tmp_m_text;script=Unity.TextMeshPro:TMPro.TextMeshProUGUI;object_path_id=1732;gameobject=SettingName;offset=280844 | manual=screenshot_or_glossary	level1;level2;level3;level4;level5;manual	manual;tmp_m_text		Звуки	approved	
Way too small...	file=level3;kind=mono_string_candidate;script=Assembly-CSharp:FishingController;object_path_id=4729;gameobject=Task_Fishing;offset=909060	level3	mono_string_candidate		Слишком мелко...	approved	
Well, there goes Dorothy…<br>I’m the only one left, stuck on this old junk of a lifeboat.<br>I have no idea what struck our ship, and judging by the sound, I honestly don’t want to find out.<br>Now all I can do is survive as long as I need. I’m sure help will come soon.	file=level3;kind=tmp_m_text;script=Unity.TextMeshPro:TMPro.TextMeshProUGUI;object_path_id=4353;gameobject=NightDescription;offset=833772	level3	tmp_m_text		Ну вот и Дороти...<br>Я остался один на этой старой развалине вместо шлюпки.<br>Не знаю, что ударило по нашему кораблю, и, судя по звуку, честно говоря, не хочу знать.<br>Теперь мне остается только выживать столько, сколько потребуется. Помощь наверняка скоро придет.	approved	
Wet Duct Tape	file=level3;kind=mono_string_candidate;script=Assembly-CSharp:FishingController;object_path_id=4729;gameobject=Task_Fishing;offset=909312	level3	mono_string_candidate		Мокрый скотч	approved	
What are you going to do?	file=level3;kind=tmp_m_text;script=Unity.TextMeshPro:TMPro.TextMeshProUGUI;object_path_id=4323;gameobject=Title;offset=817756	level3	tmp_m_text		Что вы будете делать?	approved	
What's your choice?	file=level4;kind=tmp_m_text;script=Unity.TextMeshPro:TMPro.TextMeshProUGUI;object_path_id=9570;gameobject=choice_question_text;offset=2024780	level4	tmp_m_text		Ваш выбор?	approved	
Worthless junk...	file=level3;kind=mono_string_candidate;script=Assembly-CSharp:FishingController;object_path_id=4729;gameobject=Task_Fishing;offset=908656 | file=level3;kind=mono_string_candidate;script=Assembly-CSharp:FishingController;object_path_id=4729;gameobject=Task_Fishing;offset=908784 | file=level3;kind=mono_string_candidate;script=Assembly-CSharp:FishingController;object_path_id=4729;gameobject=Task_Fishing;offset=908924	level3	mono_string_candidate		Бесполезный мусор...	approved	
Write Message	file=level3;kind=mono_string_candidate;script=Assembly-CSharp:CursorInfoMaker;object_path_id=4619;gameobject=doTask_writing;offset=891424	level3	mono_string_candidate		Написать сообщение	approved	
Write using your Mouse...	file=level3;kind=tmp_m_text;script=Unity.TextMeshPro:TMPro.TextMeshProUGUI;object_path_id=4344;gameobject=PaperHeader;offset=828988	level3	tmp_m_text		Пишите мышью...	approved	
Yes	file=level1;kind=tmp_m_text;script=Unity.TextMeshPro:TMPro.TextMeshProUGUI;object_path_id=1590;gameobject=button_txt;offset=227548 | file=level2;kind=tmp_m_text;script=Unity.TextMeshPro:TMPro.TextMeshProUGUI;object_path_id=7170;gameobject=button_txt;offset=1132780 | file=level3;kind=tmp_m_text;script=Unity.TextMeshPro:TMPro.TextMeshProUGUI;object_path_id=4300;gameobject=Text (TMP);offset=805468 | file=level3;kind=tmp_m_text;script=Unity.TextMeshPro:TMPro.TextMeshProUGUI;object_path_id=4407;gameobject=button_txt;offset=863228 | file=level4;kind=tmp_m_text;script=Unity.TextMeshPro:TMPro.TextMeshProUGUI;object_path_id=9569;gameobject=Text (TMP);offset=2024252 | file=level4;kind=tmp_m_text;script=Unity.TextMeshPro:TMPro.TextMeshProUGUI;object_path_id=9649;gameobject=button_txt;offset=2067484 | file=level5;kind=tmp_m_text;script=Unity.TextMeshPro:TMPro.TextMeshProUGUI;object_path_id=1765;gameobject=button_txt;offset=298828	level1;level2;level3;level4;level5	tmp_m_text		Да	approved	
You died of starvation.	file=level1;kind=tmp_m_text;script=Unity.TextMeshPro:TMPro.TextMeshProUGUI;object_path_id=1542;gameobject=Desc;offset=201180	level1	tmp_m_text		Вы умерли от голода.	approved	
You found a chest!	file=level3;kind=tmp_m_text;script=Unity.TextMeshPro:TMPro.TextMeshProUGUI;object_path_id=4305;gameobject=ItemText;offset=808124	level3	tmp_m_text		Вы нашли сундук!	approved	
You found bait.	file=level3;kind=tmp_m_text;script=Unity.TextMeshPro:TMPro.TextMeshProUGUI;object_path_id=4352;gameobject=ItemText;offset=833244	level3	tmp_m_text		Вы нашли наживку.	approved	
You found food.	file=level3;kind=tmp_m_text;script=Unity.TextMeshPro:TMPro.TextMeshProUGUI;object_path_id=4322;gameobject=ItemText;offset=817228	level3	tmp_m_text		Вы нашли еду.	approved	
You hurt yourself while searching.	file=level3;kind=tmp_m_text;script=Unity.TextMeshPro:TMPro.TextMeshProUGUI;object_path_id=4335;gameobject=ItemText;offset=824172	level3	tmp_m_text		Вы поранились во время поиска.	approved	
You sank with Dorothy.	file=level1;kind=tmp_m_text;script=Unity.TextMeshPro:TMPro.TextMeshProUGUI;object_path_id=1554;gameobject=Desc;offset=207852	level1	tmp_m_text		Вы затонули вместе с Дороти.	approved	
You spent a short time underwater.	file=level3;kind=tmp_m_text;script=Unity.TextMeshPro:TMPro.TextMeshProUGUI;object_path_id=4314;gameobject=ItemText;offset=812908	level3	tmp_m_text		Вы недолго пробыли под водой.	approved	
Your fate...	file=level5;kind=tmp_m_text;script=Unity.TextMeshPro:TMPro.TextMeshProUGUI;object_path_id=1726;gameobject=yourfate;offset=277644	level5	tmp_m_text		Ваша судьба...	approved	
Your search did not yield results.	file=level3;kind=tmp_m_text;script=Unity.TextMeshPro:TMPro.TextMeshProUGUI;object_path_id=4299;gameobject=ItemText;offset=804908	level3	tmp_m_text		Поиск ничего не дал.	approved	
You’re the <color=yellow>captain</color> of a ship on a covert delivery mission with a small crew. Without warning, something strikes the vessel, causing severe damage. You wait for the emergency horns. When they sound, you know you need to evacuate immediately.	file=level1;kind=tmp_m_text;script=Unity.TextMeshPro:TMPro.TextMeshProUGUI;object_path_id=1546;gameobject=howtoplay_txt;offset=203340	level1	tmp_m_text		Вы <color=yellow>капитан</color> корабля, который выполняет тайную доставку с небольшой командой. Внезапно что-то ударяет по судну и сильно его повреждает. Вы ждете аварийных сирен. Когда они звучат, становится ясно: нужно немедленно эвакуироваться.	approved	
| Created by: Taiki <i>(DopplerGhost)</i> | Special Thanks to: TakDor, Merlidan, Drael, and you! |	file=level1;kind=tmp_m_text;script=Unity.TextMeshPro:TMPro.TextMeshProUGUI;object_path_id=1568;gameobject=SettingName;offset=215372 | file=level2;kind=tmp_m_text;script=Unity.TextMeshPro:TMPro.TextMeshProUGUI;object_path_id=7145;gameobject=SettingName;offset=1119388 | file=level3;kind=tmp_m_text;script=Unity.TextMeshPro:TMPro.TextMeshProUGUI;object_path_id=4382;gameobject=SettingName;offset=849836 | file=level4;kind=tmp_m_text;script=Unity.TextMeshPro:TMPro.TextMeshProUGUI;object_path_id=9624;gameobject=SettingName;offset=2054092 | file=level5;kind=tmp_m_text;script=Unity.TextMeshPro:TMPro.TextMeshProUGUI;object_path_id=1740;gameobject=SettingName;offset=285436	level1;level2;level3;level4;level5	tmp_m_text		| Автор: Taiki <i>(DopplerGhost)</i> | Особая благодарность: TakDor, Merlidan, Drael и вам! |	approved	
(Development build)	excluded_from_player_facing_queue	extracted/visible_strings.tsv	skip			skip	technical/debug or non-player-facing extraction
Disabled	excluded_from_player_facing_queue	extracted/visible_strings.tsv	skip			skip	technical/debug or non-player-facing extraction
DopplerGhost	excluded_from_player_facing_queue	extracted/visible_strings.tsv	skip			skip	technical/debug or non-player-facing extraction
EndingController, Assembly-CSharp	excluded_from_player_facing_queue	extracted/visible_strings.tsv	skip			skip	technical/debug or non-player-facing extraction
FPS Player	excluded_from_player_facing_queue	extracted/visible_strings.tsv	skip			skip	technical/debug or non-player-facing extraction
FriendHud, Assembly-CSharp	excluded_from_player_facing_queue	extracted/visible_strings.tsv	skip			skip	technical/debug or non-player-facing extraction
FriendTalkController, Assembly-CSharp	excluded_from_player_facing_queue	extracted/visible_strings.tsv	skip			skip	technical/debug or non-player-facing extraction
game_controller, Assembly-CSharp	excluded_from_player_facing_queue	extracted/visible_strings.tsv	skip			skip	technical/debug or non-player-facing extraction
GameNightController, Assembly-CSharp	excluded_from_player_facing_queue	extracted/visible_strings.tsv	skip			skip	technical/debug or non-player-facing extraction
GameStoryController, Assembly-CSharp	excluded_from_player_facing_queue	extracted/visible_strings.tsv	skip			skip	technical/debug or non-player-facing extraction
Highlighted	excluded_from_player_facing_queue	extracted/visible_strings.tsv	skip			skip	technical/debug or non-player-facing extraction
"itemgive-itemid-n
itemremove-itemid-n
itembreak-itemid
itemfix-itemid
damage-n
danger-n
dangerset-n
energy-n
hitfriendenergy-n
friendsick-n
curefriend
feedfriend
killfriend
addhappen-happenid,h,h…
adddistance-n
endgame-reason
itemremoverandom
itembreakrandom
notice-message
hitbait-n
"	excluded_from_player_facing_queue	extracted/visible_strings.tsv	skip			skip	technical/debug or non-player-facing extraction
JournalController, Assembly-CSharp	excluded_from_player_facing_queue	extracted/visible_strings.tsv	skip			skip	technical/debug or non-player-facing extraction
"kill
getfish
superhelp"	excluded_from_player_facing_queue	extracted/visible_strings.tsv	skip			skip	technical/debug or non-player-facing extraction
LetterWritingController, Assembly-CSharp	excluded_from_player_facing_queue	extracted/visible_strings.tsv	skip			skip	technical/debug or non-player-facing extraction
LoreScreen, Assembly-CSharp	excluded_from_player_facing_queue	extracted/visible_strings.tsv	skip			skip	technical/debug or non-player-facing extraction
MenuController, Assembly-CSharp	excluded_from_player_facing_queue	extracted/visible_strings.tsv	skip			skip	technical/debug or non-player-facing extraction
NightChoiceMaker, Assembly-CSharp	excluded_from_player_facing_queue	extracted/visible_strings.tsv	skip			skip	technical/debug or non-player-facing extraction
Normal	excluded_from_player_facing_queue	extracted/visible_strings.tsv	skip			skip	technical/debug or non-player-facing extraction
PauseMenu, Assembly-CSharp	excluded_from_player_facing_queue	extracted/visible_strings.tsv	skip			skip	technical/debug or non-player-facing extraction
Player	excluded_from_player_facing_queue	extracted/visible_strings.tsv	skip			skip	technical/debug or non-player-facing extraction
Pressed	excluded_from_player_facing_queue	extracted/visible_strings.tsv	skip			skip	technical/debug or non-player-facing extraction
ScubaAction, Assembly-CSharp	excluded_from_player_facing_queue	extracted/visible_strings.tsv	skip			skip	technical/debug or non-player-facing extraction
SettingsMenu, Assembly-CSharp	excluded_from_player_facing_queue	extracted/visible_strings.tsv	skip			skip	technical/debug or non-player-facing extraction
Sliding : false | Dashing : false | Flying : false	excluded_from_player_facing_queue	extracted/visible_strings.tsv	skip			skip	technical/debug or non-player-facing extraction
Speed: 0 | IsGrounded: true | CoyoteTime: 0.5555	excluded_from_player_facing_queue	extracted/visible_strings.tsv	skip			skip	technical/debug or non-player-facing extraction
TaskRandomBox, Assembly-CSharp	excluded_from_player_facing_queue	extracted/visible_strings.tsv	skip			skip	technical/debug or non-player-facing extraction
Tutorial_Screen, Assembly-CSharp	excluded_from_player_facing_queue	extracted/visible_strings.tsv	skip			skip	technical/debug or non-player-facing extraction
UnityEngine.Object, UnityEngine	excluded_from_player_facing_queue	extracted/visible_strings.tsv	skip			skip	technical/debug or non-player-facing extraction
v0.0.0	excluded_from_player_facing_queue	extracted/visible_strings.tsv	skip			skip	technical/debug or non-player-facing extraction
v0.3.5	excluded_from_player_facing_queue	extracted/visible_strings.tsv	skip			skip	technical/debug or non-player-facing extraction
